case,family,n,mechanism,dim,feature_map,backend,flags,recall,precision,parent_support,parent_valid,expected_valid,exact_unsupported,exact_rare,exact_tv,exact_repair_recall,exact_repair_precision,common_unsupported,common_rare,common_tv,common_churn,full_unsupported,full_rare,full_tv,full_churn,ordinary_moves,isolation_moves,first_full_ms,first_full_speedup,g_rows,critic_rows,native_cdist_pairs,cell_distances,projection_products,count_terms,max_matrix_rows,max_matrix_columns,retained_bytes,rss_mib,exact_pass,common_pass,full_pass,common_final_pass,full_final_pass
cost_nominal_1024_d8_frozen_toy_head,cost,1024,nominal,8,frozen_toy_head,cb64_ra,46,1.0,1.0,1.0,0.6956521739130435,0.6956521739130435,0.0,1.0,0.013671875,1.0,1.0,0.0,1.0,0.013671875,0.0,0.0,1.0,0.0224609375,0.0,90,46,40.421007899567485,1.2821287173787388,2112,3136,0,608640,2637824,1600,256,256,91136,600.53125,False,False,False,False,False
cost_nominal_1024_d8_frozen_toy_head,cost,1024,nominal,8,frozen_toy_head,e22,46,1.0,1.0,1.0,1.0,0.9891304347826086,0.0,1.0,0.0,1.0,1.0,0.0,1.0,0.0,0.0,0.0,1.0,0.01171875,0.021739130434782608,18,46,51.82493501342833,1.0,2048,3072,7526332,,,,,,,621.5234375,True,True,True,True,False
cost_nominal_2048_d8_frozen_toy_head,cost,2048,nominal,8,frozen_toy_head,cb64_ra,92,1.0,1.0,1.0,0.6086956521739131,0.6086956521739131,0.0,1.0,0.01708984375,1.0,1.0,0.0,1.0,0.01708984375,0.0,0.0,1.0,0.02783203125,0.05434782608695652,286,92,44.45046512410045,3.2837328394742378,4290,6338,0,1221504,5292544,3136,256,256,168960,621.6484375,False,False,False,False,False
cost_nominal_2048_d8_frozen_toy_head,cost,2048,nominal,8,frozen_toy_head,e22,92,1.0,1.0,1.0,1.0,0.9977187332259796,0.0,1.0,0.0,1.0,1.0,0.0,1.0,0.0,0.0,0.0,1.0,0.00244140625,0.0,21,92,145.96345205791295,1.0,4096,6144,30105328,,,,,,,657.5546875,True,True,True,True,False
cost_nominal_4096_d8_frozen_toy_head,cost,4096,nominal,8,frozen_toy_head,cb64_ra,184,1.0,1.0,1.0,0.6630434782608695,0.6630434782608695,0.0,1.0,0.0146484375,1.0,1.0,0.0,1.0,0.0146484375,0.0,0.0,1.0,0.033935546875,0.005434782608695652,742,184,74.2848280351609,7.185274975569964,8580,12676,0,2443008,10585088,6208,256,256,324608,677.37109375,False,False,False,False,False
cost_nominal_4096_d8_frozen_toy_head,cost,4096,nominal,8,frozen_toy_head,e22,184,1.0,1.0,1.0,1.0,1.0,0.0,1.0,0.0,1.0,1.0,0.0,1.0,0.0,0.0,0.0,1.0,0.007568359375,0.005434782608695652,75,184,533.7569159455597,1.0,8192,12288,120421312,,,,,,,754.359375,True,True,True,True,False
cost_nominal_8192_d8_frozen_toy_head,cost,8192,nominal,8,frozen_toy_head,cb64_ra,369,1.0,1.0,1.0,0.7208672086720868,0.7208672086720868,0.0,1.0,0.0118408203125,1.0,1.0,0.0,1.0,0.0118408203125,0.0,0.0,1.0606060606060606,0.017578125,0.02981029810298103,1636,369,108.30410709604621,20.48241904651156,17162,25354,0,4886464,21170688,12352,256,256,635904,768.984375,False,False,False,False,False
cost_nominal_8192_d8_frozen_toy_head,cost,8192,nominal,8,frozen_toy_head,e22,369,1.0,1.0,1.0,1.0,0.9999457994579947,0.0,1.0,0.0,1.0,1.0,0.0,1.0,0.0,0.0,0.0,0.8484848484848485,0.00439453125,0.0,148,369,2218.3301059994847,1.0,16384,24576,481717279,,,,,,,901.203125,True,True,True,True,False
cost_highdim_1024_d128_frozen_toy_head,cost,1024,highdim,128,frozen_toy_head,cb64_ra,0,0.0,0.0,,,,0.044921875,1.0,0.044921875,0.0,0.0,0.044921875,1.0,0.044921875,0.0,0.044921875,1.0,0.044921875,0.0,0,0,45.54501594975591,2.2334770484174182,2048,3072,0,524288,10485760,1600,256,64,98816,939.67578125,False,False,False,False,False
cost_highdim_1024_d128_frozen_toy_head,cost,1024,highdim,128,frozen_toy_head,e22,0,0.0,0.0,,,,0.044921875,1.0,0.044921875,0.0,0.0,0.044921875,1.0,0.044921875,0.0,0.044921875,1.0,0.044921875,0.0,0,0,101.72374779358506,1.0,2048,3072,7340032,,,,,,,939.67578125,False,False,False,False,False
cost_highdim_2048_d128_frozen_toy_head,cost,2048,highdim,128,frozen_toy_head,cb64_ra,0,0.0,0.0,,,,0.044921875,1.0,0.044921875,0.0,0.0,0.044921875,1.0,0.044921875,0.0,0.044921875,1.0,0.06396484375,0.0,88,0,69.88820200785995,6.3495189929629365,4116,6164,0,1049856,20992000,3136,256,64,176640,939.67578125,False,False,False,False,False
cost_highdim_2048_d128_frozen_toy_head,cost,2048,highdim,128,frozen_toy_head,e22,0,0.0,0.0,,,,0.044921875,1.0,0.044921875,0.0,0.0,0.044921875,1.0,0.044921875,0.0,0.044921875,1.0,0.044921875,0.0,0,0,443.75646603293717,1.0,4096,6144,29360128,,,,,,,939.67578125,False,False,False,False,False
cost_highdim_4096_d128_frozen_toy_head,cost,4096,highdim,128,frozen_toy_head,cb64_ra,0,0.0,0.0,,,,0.044921875,1.0,0.044921875,0.0,0.0,0.044921875,1.0,0.044921875,0.0,0.044921875,1.0,0.044921875,0.0,0,0,114.6727071609348,11.104137098605625,8192,12288,0,2097152,41943040,6208,256,64,332288,939.67578125,False,False,False,False,False
cost_highdim_4096_d128_frozen_toy_head,cost,4096,highdim,128,frozen_toy_head,e22,0,0.0,0.0,,,,0.044921875,1.0,0.044921875,0.0,0.0,0.044921875,1.0,0.044921875,0.0,0.044921875,1.0,0.044921875,0.0,0,0,1273.341461783275,1.0,8192,12288,117440512,,,,,,,939.67578125,False,False,False,False,False
cost_highdim_8192_d128_frozen_toy_head,cost,8192,highdim,128,frozen_toy_head,cb64_ra,0,0.0,0.0,,,,0.0450439453125,1.0,0.0450439453125,0.0,0.0,0.0450439453125,1.0,0.0450439453125,0.0,0.044921875,1.0,0.0450439453125,0.0,28,0,226.74637893214822,17.442383073730703,16384,24576,0,4194304,83886080,12352,256,64,643584,939.67578125,False,False,False,False,False
cost_highdim_8192_d128_frozen_toy_head,cost,8192,highdim,128,frozen_toy_head,e22,0,0.0,0.0,,,,0.0450439453125,1.0,0.0450439453125,0.0,0.0,0.0450439453125,1.0,0.0450439453125,0.0,0.0450439453125,1.0,0.0450439453125,0.0,0,0,3954.9972019158304,1.0,16384,24576,469762048,,,,,,,1070.265625,False,False,False,False,False
cost_rare_hole_1024_d8_frozen_toy_head,cost,1024,rare_hole,8,frozen_toy_head,cb64_ra,46,1.0,1.0,1.0,0.0,0.0,0.0,14.5,0.044921875,1.0,1.0,0.0,14.5,0.044921875,0.0,0.0,4.5,0.0556640625,0.391304347826087,71,46,33.03170809522271,1.1784518015373866,2114,3138,0,608768,2638336,1600,256,256,91136,1078.09765625,True,True,False,True,False
cost_rare_hole_1024_d8_frozen_toy_head,cost,1024,rare_hole,8,frozen_toy_head,e22,46,0.9565217391304348,0.9565217391304348,0.0,0.0,0.0,0.046875,0.0,0.046875,0.0,0.0,0.046875,0.0,0.046875,0.0,0.0361328125,0.0,0.0361328125,0.21739130434782608,20,46,38.92627591267228,1.0,2048,3072,7526332,,,,,,,1078.09765625,False,False,False,False,False
cost_rare_hole_2048_d8_frozen_toy_head,cost,2048,rare_hole,8,frozen_toy_head,cb64_ra,92,1.0,1.0,1.0,0.0,0.0,0.0,23.75,0.04443359375,1.0,1.0,0.0,23.75,0.04443359375,0.0,0.0,2.25,0.03369140625,0.44565217391304346,257,92,45.660265954211354,2.796111530613464,4290,6338,0,1221504,5292544,3136,256,256,168960,1078.09765625,True,True,False,True,False
cost_rare_hole_2048_d8_frozen_toy_head,cost,2048,rare_hole,8,frozen_toy_head,e22,96,1.0,0.9583333333333334,1.0,0.043478260869565216,0.03757380568974772,0.0,0.0,0.04296875,1.0,0.9583333333333334,0.0,0.0,0.04296875,0.0,0.0,0.0,0.037109375,0.06521739130434782,30,96,127.67119612544775,1.0,4096,6144,30137344,,,,,,,1078.09765625,False,False,False,False,False
cost_rare_hole_4096_d8_frozen_toy_head,cost,4096,rare_hole,8,frozen_toy_head,cb64_ra,184,1.0,1.0,1.0,0.03804347826086957,0.03804347826086957,0.0,4.375,0.042724609375,1.0,1.0,0.0,4.375,0.042724609375,0.0,0.0,4.125,0.037353515625,0.3858695652173913,760,184,69.1923601552844,9.343457408170709,8580,12676,0,2443008,10585088,6208,256,256,324608,1078.09765625,True,True,False,True,False
cost_rare_hole_4096_d8_frozen_toy_head,cost,4096,rare_hole,8,frozen_toy_head,e22,187,1.0,0.983957219251337,1.0,0.0,0.0,0.0,24.0,0.044921875,1.0,0.983957219251337,0.0,24.0,0.044921875,0.0,0.0,18.25,0.03369140625,0.2391304347826087,89,187,646.4958700817078,1.0,8192,12288,120469351,,,,,,,1078.09765625,True,True,True,True,False
cost_rare_hole_8192_d8_frozen_toy_head,cost,8192,rare_hole,8,frozen_toy_head,cb64_ra,369,1.0,1.0,1.0,0.013550135501355014,0.013550135501355014,0.0,4.9375,0.0443115234375,1.0,1.0,0.0,4.9375,0.0443115234375,0.0,0.0,2.25,0.0338134765625,0.5284552845528455,1636,369,119.45164389908314,20.530336594760094,17162,25354,0,4886464,21170688,12352,256,256,635904,1078.09765625,True,True,False,True,False
cost_rare_hole_8192_d8_frozen_toy_head,cost,8192,rare_hole,8,frozen_toy_head,e22,369,1.0,1.0,1.0,0.0,0.0,0.0,24.0625,0.0450439453125,1.0,1.0,0.0,24.0625,0.0450439453125,0.0,0.0,17.4375,0.0321044921875,0.27100271002710025,198,369,2452.382456045598,1.0,16384,24576,481717279,,,,,,,1078.09765625,True,True,True,True,False
geometry_linear_2048_d2_trained600,geometry,2048,linear,2,trained600,cb64_ra,85,1.0,0.9647058823529412,1.0,1.0,1.0,0.0,1.0,0.0,1.0,0.9647058823529412,0.0,1.0,0.0,0.0,0.0,1.0,0.0,0.0,0,85,53.573017939925194,2.146870240539577,4181,6229,0,1212288,5264640,3136,256,256,168960,1078.09765625,False,False,False,,
geometry_linear_2048_d2_trained600,geometry,2048,linear,2,trained600,e22,72,0.8292682926829268,0.9444444444444444,0.05555555555555555,0.0,0.0,0.0400390625,0.19607843137254902,0.0400390625,0.0,0.0,0.0400390625,0.19607843137254902,0.0400390625,0.0,0.013671875,0.2549019607843137,0.037109375,0.5121951219512195,55,72,115.01431791111827,1.0,4096,6144,29944768,,,,,,,1078.09765625,False,False,False,,
geometry_linear_2048_d16_trained600,geometry,2048,linear,16,trained600,cb64_ra,85,1.0,0.9647058823529412,1.0,1.0,1.0,0.0,1.0,0.0,1.0,0.9647058823529412,0.0,1.0,0.0,0.0,0.0,1.0,0.0,0.0,29,85,46.99099785648286,2.367454769520172,4181,6229,0,1212288,5264640,3136,256,256,168960,1078.09765625,False,False,False,,
geometry_linear_2048_d16_trained600,geometry,2048,linear,16,trained600,e22,72,0.8292682926829268,0.9444444444444444,0.05555555555555555,0.0,0.0,0.0400390625,0.19607843137254902,0.0400390625,0.0,0.0,0.0400390625,0.19607843137254902,0.0400390625,0.0,0.0126953125,0.24509803921568626,0.0380859375,0.5487804878048781,57,72,111.24906199984252,1.0,4096,6144,29944768,,,,,,,1078.09765625,False,False,False,,
geometry_linear_2048_d64_trained600,geometry,2048,linear,64,trained600,cb64_ra,85,1.0,0.9647058823529412,1.0,1.0,1.0,0.0,1.0,0.0,1.0,0.9647058823529412,0.0,1.0,0.0,0.0,0.0,1.0,0.0,0.0,0,85,42.70328185521066,2.5854647726802407,4181,6229,0,1212288,5264640,3136,256,256,168960,1078.09765625,False,False,False,,
geometry_linear_2048_d64_trained600,geometry,2048,linear,64,trained600,e22,72,0.8292682926829268,0.9444444444444444,0.05555555555555555,0.0,0.0,0.0400390625,0.19607843137254902,0.0400390625,0.0,0.0,0.0400390625,0.19607843137254902,0.0400390625,0.0,0.0166015625,0.19607843137254902,0.04052734375,0.4634146341463415,49,72,110.40783091448247,1.0,4096,6144,29944768,,,,,,,1078.09765625,False,False,False,,
geometry_linear_2048_d128_trained600,geometry,2048,linear,128,trained600,cb64_ra,85,1.0,0.9647058823529412,1.0,1.0,1.0,0.0,1.0,0.0,1.0,0.9647058823529412,0.0,1.0,0.0,0.0,0.0,1.0,0.0,0.0,0,85,45.17169599421322,3.092600574100565,4181,6229,0,1212288,5264640,3136,256,256,168960,1078.09765625,False,False,False,,
geometry_linear_2048_d128_trained600,geometry,2048,linear,128,trained600,e22,72,0.8292682926829268,0.9444444444444444,0.05555555555555555,0.0,0.0,0.0400390625,0.19607843137254902,0.0400390625,0.0,0.0,0.0400390625,0.19607843137254902,0.0400390625,0.0,0.01318359375,0.19607843137254902,0.0400390625,0.5609756097560976,55,72,139.6980129648,1.0,4096,6144,29944768,,,,,,,1078.09765625,False,False,False,,
geometry_fold_2048_d2_trained600,geometry,2048,fold,2,trained600,cb64_ra,85,1.0,0.9647058823529412,1.0,1.0,1.0,0.0,1.0,0.0,1.0,0.9647058823529412,0.00439453125,0.9117647058823529,0.00439453125,0.0,0.029296875,0.6078431372549019,0.03759765625,0.0,37,85,52.48886696062982,2.091287853034977,4184,6232,0,1212480,5265408,3136,256,256,168960,1078.09765625,False,False,False,,
geometry_fold_2048_d2_trained600,geometry,2048,fold,2,trained600,e22,72,0.8292682926829268,0.9444444444444444,0.05555555555555555,0.0,0.0,0.0400390625,0.19607843137254902,0.0400390625,0.0,0.0,0.0400390625,0.19607843137254902,0.0400390625,0.0,0.01513671875,0.21568627450980393,0.0390625,0.4878048780487805,53,72,109.76932989433408,1.0,4096,6144,29944768,,,,,,,1078.09765625,False,False,False,,
geometry_fold_2048_d16_trained600,geometry,2048,fold,16,trained600,cb64_ra,85,1.0,0.9647058823529412,1.0,1.0,1.0,0.0,1.0,0.0,1.0,0.9647058823529412,0.00146484375,0.9705882352941176,0.00146484375,0.0,0.00634765625,0.8823529411764706,0.00634765625,0.0,0,85,44.61023514159024,2.2689792287089516,4181,6229,0,1212288,5264640,3136,256,256,168960,1078.09765625,False,False,False,,
geometry_fold_2048_d16_trained600,geometry,2048,fold,16,trained600,e22,72,0.8292682926829268,0.9444444444444444,0.05555555555555555,0.0,0.0,0.0400390625,0.19607843137254902,0.0400390625,0.0,0.0,0.0400390625,0.19607843137254902,0.0400390625,0.0,0.01513671875,0.22549019607843138,0.03857421875,0.5121951219512195,52,72,101.21969692409039,1.0,4096,6144,29944768,,,,,,,1078.09765625,False,False,False,,
geometry_fold_2048_d64_trained600,geometry,2048,fold,64,trained600,cb64_ra,85,1.0,0.9647058823529412,1.0,1.0,1.0,0.0,1.0,0.0,1.0,0.9647058823529412,0.0,1.0,0.0,0.0,0.0,1.0,0.0,0.0,0,85,46.58875800669193,3.0268930110723393,4181,6229,0,1212288,5264640,3136,256,256,168960,1078.09765625,False,False,False,,
geometry_fold_2048_d64_trained600,geometry,2048,fold,64,trained600,e22,72,0.8292682926829268,0.9444444444444444,0.05555555555555555,0.0,0.0,0.0400390625,0.19607843137254902,0.0400390625,0.0,0.0,0.0400390625,0.19607843137254902,0.0400390625,0.0,0.017578125,0.19607843137254902,0.04052734375,0.43902439024390244,47,72,141.0191860049963,1.0,4096,6144,29944768,,,,,,,1078.09765625,False,False,False,,
geometry_fold_2048_d128_trained600,geometry,2048,fold,128,trained600,cb64_ra,85,1.0,0.9647058823529412,1.0,1.0,1.0,0.0,1.0,0.0,1.0,0.9647058823529412,0.0,1.0,0.0,0.0,0.0,1.0,0.0,0.0,0,85,53.734488086774945,2.400325404451826,4181,6229,0,1212288,5264640,3136,256,256,168960,1078.09765625,False,False,False,,
geometry_fold_2048_d128_trained600,geometry,2048,fold,128,trained600,e22,72,0.8292682926829268,0.9444444444444444,0.05555555555555555,0.0,0.0,0.0400390625,0.19607843137254902,0.0400390625,0.0,0.0,0.0400390625,0.19607843137254902,0.0400390625,0.0,0.01123046875,0.19607843137254902,0.0400390625,0.5975609756097561,59,72,128.9802568498999,1.0,4096,6144,29944768,,,,,,,1078.09765625,False,False,False,,
geometry_fold_nuisance_2048_d2_trained600,geometry,2048,fold_nuisance,2,trained600,cb64_ra,85,1.0,0.9647058823529412,1.0,1.0,1.0,0.0,1.0,0.0,1.0,0.9647058823529412,0.00439453125,0.9117647058823529,0.00439453125,0.0,0.029296875,0.6078431372549019,0.03759765625,0.0,37,85,48.30409004352987,2.1916010425437293,4184,6232,0,1212480,5265408,3136,256,256,168960,1078.09765625,False,False,False,,
geometry_fold_nuisance_2048_d2_trained600,geometry,2048,fold_nuisance,2,trained600,e22,72,0.8292682926829268,0.9444444444444444,0.05555555555555555,0.0,0.0,0.0400390625,0.19607843137254902,0.0400390625,0.0,0.0,0.0400390625,0.19607843137254902,0.0400390625,0.0,0.01513671875,0.21568627450980393,0.0390625,0.4878048780487805,53,72,105.86329409852624,1.0,4096,6144,29944768,,,,,,,1078.09765625,False,False,False,,
geometry_fold_nuisance_2048_d16_trained600,geometry,2048,fold_nuisance,16,trained600,cb64_ra,85,1.0,0.9647058823529412,1.0,1.0,1.0,0.0,1.0,0.0,1.0,0.9647058823529412,0.005859375,0.8921568627450981,0.005859375,0.0,0.00634765625,0.8823529411764706,0.00634765625,0.0,0,85,49.047261010855436,2.430401624385631,4181,6229,0,1212288,5264640,3136,256,256,168960,1078.09765625,False,False,False,,
geometry_fold_nuisance_2048_d16_trained600,geometry,2048,fold_nuisance,16,trained600,e22,72,0.8292682926829268,0.9444444444444444,0.9861111111111112,0.0,0.0130718954248366,0.00732421875,0.17647058823529413,0.041015625,0.8170731707317073,0.9305555555555556,0.015625,0.17647058823529413,0.041015625,0.0,0.01220703125,0.18627450980392157,0.04052734375,0.024390243902439025,3,72,119.20454283244908,1.0,4096,6144,29944768,,,,,,,1078.09765625,False,False,False,,
geometry_fold_nuisance_2048_d64_trained600,geometry,2048,fold_nuisance,64,trained600,cb64_ra,85,1.0,0.9647058823529412,1.0,1.0,1.0,0.0,1.0,0.0,1.0,0.9647058823529412,0.0078125,0.8529411764705882,0.0078125,0.0,0.0,1.0,0.0,0.0,0,85,54.752398980781436,2.2339906593629286,4181,6229,0,1212288,5264640,3136,256,256,168960,1078.09765625,False,False,False,,
geometry_fold_nuisance_2048_d64_trained600,geometry,2048,fold_nuisance,64,trained600,e22,72,0.8292682926829268,0.9444444444444444,1.0,0.014705882352941176,0.007806826434277414,0.0068359375,0.18627450980392157,0.04052734375,0.8292682926829268,0.9444444444444444,0.0166015625,0.18627450980392157,0.04052734375,0.0,0.01416015625,0.18627450980392157,0.04052734375,0.036585365853658534,4,72,122.31634790077806,1.0,4096,6144,29944768,,,,,,,1078.09765625,False,False,False,,
geometry_fold_nuisance_2048_d128_trained600,geometry,2048,fold_nuisance,128,trained600,cb64_ra,85,1.0,0.9647058823529412,1.0,1.0,1.0,0.0,1.0,0.0,1.0,0.9647058823529412,0.00537109375,0.8921568627450981,0.00537109375,0.0,0.0,1.0,0.0,0.0,0,85,44.134673895314336,3.258215074653463,4181,6229,0,1212288,5264640,3136,256,256,168960,1078.09765625,False,False,False,,
geometry_fold_nuisance_2048_d128_trained600,geometry,2048,fold_nuisance,128,trained600,e22,72,0.8292682926829268,0.9444444444444444,0.9861111111111112,0.0,0.010167029774872912,0.00732421875,0.17647058823529413,0.041015625,0.8170731707317073,0.9305555555555556,0.01416015625,0.17647058823529413,0.041015625,0.0,0.01171875,0.17647058823529413,0.041015625,0.012195121951219513,4,72,143.80025980062783,1.0,4096,6144,29944768,,,,,,,1078.09765625,False,False,False,,
geometry_fold_nuisance_1024_d128_trained600,geometry,1024,fold_nuisance,128,trained600,cb64_ra,0,0.0,0.0,,,,0.0400390625,0.19607843137254902,0.0400390625,0.0,0.0,0.0400390625,0.19607843137254902,0.0400390625,0.0,0.0400390625,0.19607843137254902,0.0400390625,0.0,0,0,34.08299991860986,1.6825717556337767,2048,3072,0,524288,2621440,1600,256,64,91136,1078.09765625,False,False,False,,
geometry_fold_nuisance_1024_d128_trained600,geometry,1024,fold_nuisance,128,trained600,e22,0,0.0,0.0,,,,0.0400390625,0.19607843137254902,0.0400390625,0.0,0.0,0.0400390625,0.19607843137254902,0.0400390625,0.0,0.0224609375,0.19607843137254902,0.0400390625,0.0,19,0,57.34709301032126,1.0,2048,3072,7340032,,,,,,,1078.09765625,False,False,False,,
geometry_fold_nuisance_4096_d128_trained600,geometry,4096,fold_nuisance,128,trained600,cb64_ra,168,1.0,0.9761904761904762,1.0,1.0,1.0,0.0,1.0,0.0,1.0,0.9761904761904762,0.006103515625,0.8878048780487805,0.006103515625,0.0,0.0,1.0,0.0,0.0,0,168,79.06540506519377,6.511260627873755,8360,12456,0,2423808,10528768,6208,256,256,324608,1078.09765625,True,False,True,,
geometry_fold_nuisance_4096_d128_trained600,geometry,4096,fold_nuisance,128,trained600,e22,100,0.5853658536585366,0.96,0.97,0.010416666666666666,0.005529835390946501,0.017333984375,0.2048780487804878,0.039794921875,0.5670731707317073,0.93,0.02294921875,0.2048780487804878,0.039794921875,0.0,0.013671875,0.23902439024390243,0.0380859375,0.06097560975609756,52,100,514.8154590278864,1.0,8192,12288,119068912,,,,,,,1078.09765625,False,False,False,,
geometry_linear_2048_d2_frozen_initialization,geometry,2048,linear,2,frozen_initialization,cb64_ra,86,1.0,0.9534883720930233,1.0,1.0,1.0,0.0,1.0,0.0,1.0,0.9534883720930233,0.0,1.0,0.0,0.0,0.0,0.9803921568627451,0.0009765625,0.0,156,86,41.03972902521491,2.7564615270294053,4284,6332,0,1219200,5291008,3136,256,256,168960,1078.09765625,False,False,False,,
geometry_linear_2048_d2_frozen_initialization,geometry,2048,linear,2,frozen_initialization,e22,87,1.0,0.9425287356321839,1.0,1.0,1.0,0.0,1.0,0.0,1.0,0.9425287356321839,0.0,1.0,0.0,0.0,0.0,1.0,0.0,0.0,0,87,113.12443413771689,1.0,4096,6144,30065263,,,,,,,1078.09765625,False,False,False,,
geometry_linear_2048_d16_frozen_initialization,geometry,2048,linear,16,frozen_initialization,cb64_ra,86,1.0,0.9534883720930233,1.0,1.0,1.0,0.0,1.0,0.0,1.0,0.9534883720930233,0.0,1.0,0.0,0.0,0.0,1.1764705882352942,0.0087890625,0.0,115,86,43.64735400304198,2.308645718447916,4200,6248,0,1213824,5269504,3136,256,256,168960,1078.09765625,False,False,False,,
geometry_linear_2048_d16_frozen_initialization,geometry,2048,linear,16,frozen_initialization,e22,87,1.0,0.9425287356321839,1.0,1.0,1.0,0.0,1.0,0.0,1.0,0.9425287356321839,0.0,1.0,0.0,0.0,0.0,1.0,0.0,0.0,0,87,100.76627694070339,1.0,4096,6144,30065263,,,,,,,1078.09765625,False,False,False,,
geometry_linear_2048_d64_frozen_initialization,geometry,2048,linear,64,frozen_initialization,cb64_ra,86,1.0,0.9534883720930233,1.0,1.0,1.0,0.0,1.0,0.0,1.0,0.9534883720930233,0.0,1.0,0.0,0.0,0.0,0.9803921568627451,0.0009765625,0.0,105,86,46.19542695581913,2.1971241429925694,4284,6332,0,1219200,5291008,3136,256,256,168960,1078.09765625,False,False,False,,
geometry_linear_2048_d64_frozen_initialization,geometry,2048,linear,64,frozen_initialization,e22,87,1.0,0.9425287356321839,1.0,1.0,1.0,0.0,1.0,0.0,1.0,0.9425287356321839,0.0,1.0,0.0,0.0,0.0,1.0,0.0,0.0,0,87,101.49708786047995,1.0,4096,6144,30065263,,,,,,,1078.09765625,False,False,False,,
geometry_linear_2048_d128_frozen_initialization,geometry,2048,linear,128,frozen_initialization,cb64_ra,86,1.0,0.9534883720930233,1.0,1.0,1.0,0.0,1.0,0.0,1.0,0.9534883720930233,0.0,1.0,0.0,0.0,0.0,1.1764705882352942,0.0087890625,0.0,104,86,47.791349003091455,3.457863697812069,4262,6310,0,1217792,5285376,3136,256,256,168960,1078.09765625,False,False,False,,
geometry_linear_2048_d128_frozen_initialization,geometry,2048,linear,128,frozen_initialization,e22,87,1.0,0.9425287356321839,1.0,1.0,1.0,0.0,1.0,0.0,1.0,0.9425287356321839,0.0,1.0,0.0,0.0,0.0,1.0,0.0,0.0,0,87,165.25597078725696,1.0,4096,6144,30065263,,,,,,,1078.09765625,False,False,False,,
geometry_fold_2048_d2_frozen_initialization,geometry,2048,fold,2,frozen_initialization,cb64_ra,86,1.0,0.9534883720930233,1.0,1.0,1.0,0.0,1.0,0.0,1.0,0.9534883720930233,0.0,1.0,0.0,0.0,0.09716796875,0.6274509803921569,0.09716796875,0.0,273,86,43.15269202925265,2.442472251218725,4284,6332,0,1219200,5291008,3136,256,256,168960,1078.09765625,False,False,False,,
geometry_fold_2048_d2_frozen_initialization,geometry,2048,fold,2,frozen_initialization,e22,87,1.0,0.9425287356321839,1.0,0.0,0.0,0.0,0.19607843137254902,0.0400390625,1.0,0.9425287356321839,0.00048828125,0.19607843137254902,0.0400390625,0.0,0.00048828125,0.19607843137254902,0.0400390625,0.0,0,87,105.39925284683704,1.0,4096,6144,30065263,,,,,,,1078.09765625,False,False,False,,
geometry_fold_2048_d16_frozen_initialization,geometry,2048,fold,16,frozen_initialization,cb64_ra,86,1.0,0.9534883720930233,1.0,1.0,1.0,0.0,1.0,0.0,1.0,0.9534883720930233,0.0,1.0,0.0,0.0,0.01416015625,0.9901960784313726,0.04833984375,0.2926829268292683,384,274,51.69823486357927,2.2060959368503545,4284,6332,0,1219200,5291008,3136,256,256,168960,1078.09765625,False,False,False,,
geometry_fold_2048_d16_frozen_initialization,geometry,2048,fold,16,frozen_initialization,e22,87,1.0,0.9425287356321839,1.0,0.0,0.0,0.0,0.19607843137254902,0.0400390625,1.0,0.9425287356321839,0.0,0.19607843137254902,0.0400390625,0.0,0.0,0.19607843137254902,0.0400390625,0.0,0,87,114.05126587487757,1.0,4096,6144,30065263,,,,,,,1078.09765625,False,False,False,,
geometry_fold_2048_d64_frozen_initialization,geometry,2048,fold,64,frozen_initialization,cb64_ra,86,1.0,0.9534883720930233,1.0,1.0,1.0,0.0,1.0,0.0,1.0,0.9534883720930233,0.0,1.0,0.0,0.0,0.00048828125,0.9901960784313726,0.0029296875,0.0,314,86,46.85921804048121,2.583709908568524,4284,6332,0,1219200,5291008,3136,256,256,168960,1078.09765625,False,False,False,,
geometry_fold_2048_d64_frozen_initialization,geometry,2048,fold,64,frozen_initialization,e22,87,1.0,0.9425287356321839,1.0,0.0,0.0,0.0,0.19607843137254902,0.0400390625,1.0,0.9425287356321839,0.0,0.19607843137254902,0.0400390625,0.0,0.0,0.19607843137254902,0.0400390625,0.0,0,87,121.07062595896423,1.0,4096,6144,30065263,,,,,,,1078.09765625,False,False,False,,
geometry_fold_2048_d128_frozen_initialization,geometry,2048,fold,128,frozen_initialization,cb64_ra,86,1.0,0.9534883720930233,1.0,1.0,1.0,0.0,1.0,0.0,1.0,0.9534883720930233,0.0,1.0,0.0,0.0,0.0,1.088235294117647,0.0087890625,0.0,233,86,46.34411819279194,2.889133277378561,4284,6332,0,1219200,5291008,3136,256,256,168960,1078.09765625,False,False,False,,
geometry_fold_2048_d128_frozen_initialization,geometry,2048,fold,128,frozen_initialization,e22,87,1.0,0.9425287356321839,1.0,0.0,0.0,0.0,0.19607843137254902,0.0400390625,1.0,0.9425287356321839,0.0,0.19607843137254902,0.0400390625,0.0,0.0,0.19607843137254902,0.0400390625,0.0,0,87,133.89433408156037,1.0,4096,6144,30065263,,,,,,,1078.09765625,False,False,False,,
geometry_fold_nuisance_2048_d2_frozen_initialization,geometry,2048,fold_nuisance,2,frozen_initialization,cb64_ra,86,1.0,0.9534883720930233,1.0,1.0,1.0,0.0,1.0,0.0,1.0,0.9534883720930233,0.0,1.0,0.0,0.0,0.09716796875,0.6274509803921569,0.09716796875,0.0,273,86,45.6369761377573,2.325173007079459,4284,6332,0,1219200,5291008,3136,256,256,168960,1078.09765625,False,False,False,,
geometry_fold_nuisance_2048_d2_frozen_initialization,geometry,2048,fold_nuisance,2,frozen_initialization,e22,87,1.0,0.9425287356321839,1.0,0.0,0.0,0.0,0.19607843137254902,0.0400390625,1.0,0.9425287356321839,0.00048828125,0.19607843137254902,0.0400390625,0.0,0.00048828125,0.19607843137254902,0.0400390625,0.0,0,87,106.11386504024267,1.0,4096,6144,30065263,,,,,,,1078.09765625,False,False,False,,
geometry_fold_nuisance_2048_d16_frozen_initialization,geometry,2048,fold_nuisance,16,frozen_initialization,cb64_ra,86,1.0,0.9534883720930233,1.0,1.0,1.0,0.0,1.0,0.0,1.0,0.9534883720930233,0.00537109375,0.9215686274509803,0.00537109375,0.0,0.01416015625,0.9901960784313726,0.04833984375,0.2926829268292683,384,274,43.24639309197664,2.5055087856239866,4284,6332,0,1219200,5291008,3136,256,256,168960,1078.09765625,False,False,False,,
geometry_fold_nuisance_2048_d16_frozen_initialization,geometry,2048,fold_nuisance,16,frozen_initialization,e22,87,1.0,0.9425287356321839,1.0,0.012195121951219513,0.015206263173742846,0.0,0.19607843137254902,0.0400390625,1.0,0.9425287356321839,0.01171875,0.19607843137254902,0.0400390625,0.0,0.0087890625,0.20588235294117646,0.03955078125,0.06097560975609756,5,87,108.35421783849597,1.0,4096,6144,30065263,,,,,,,1078.09765625,False,False,False,,
geometry_fold_nuisance_2048_d64_frozen_initialization,geometry,2048,fold_nuisance,64,frozen_initialization,cb64_ra,86,1.0,0.9534883720930233,1.0,1.0,1.0,0.0,1.0,0.0,1.0,0.9534883720930233,0.00634765625,0.9019607843137255,0.00634765625,0.0,0.00048828125,0.9901960784313726,0.0029296875,0.0,314,86,50.3304828889668,2.5128408638219892,4284,6332,0,1219200,5291008,3136,256,256,168960,1078.09765625,False,False,False,,
geometry_fold_nuisance_2048_d64_frozen_initialization,geometry,2048,fold_nuisance,64,frozen_initialization,e22,87,1.0,0.9425287356321839,1.0,0.036585365853658534,0.007377295995182174,0.0,0.21568627450980393,0.0390625,1.0,0.9425287356321839,0.009765625,0.21568627450980393,0.0390625,0.0,0.00830078125,0.19607843137254902,0.0400390625,0.036585365853658534,3,87,126.47249409928918,1.0,4096,6144,30065263,,,,,,,1078.09765625,False,False,False,,
geometry_fold_nuisance_2048_d128_frozen_initialization,geometry,2048,fold_nuisance,128,frozen_initialization,cb64_ra,86,1.0,0.9534883720930233,1.0,1.0,1.0,0.0,1.0,0.0,1.0,0.9534883720930233,0.005859375,0.8921568627450981,0.005859375,0.0,0.0,1.088235294117647,0.0087890625,0.0,233,86,50.72691407985985,3.4277506589845412,4284,6332,0,1219200,5291008,3136,256,256,168960,1078.09765625,False,False,False,,
geometry_fold_nuisance_2048_d128_frozen_initialization,geometry,2048,fold_nuisance,128,frozen_initialization,e22,87,1.0,0.9425287356321839,1.0,0.012195121951219513,0.010538994278831678,0.0,0.19607843137254902,0.0400390625,1.0,0.9425287356321839,0.00830078125,0.19607843137254902,0.0400390625,0.0,0.00830078125,0.18627450980392157,0.04052734375,0.04878048780487805,4,87,173.87921316549182,1.0,4096,6144,30065263,,,,,,,1078.09765625,False,False,False,,
geometry_fold_nuisance_1024_d128_frozen_initialization,geometry,1024,fold_nuisance,128,frozen_initialization,cb64_ra,41,1.0,1.0,1.0,1.0,1.0,0.0,1.0,0.0,1.0,1.0,0.00390625,0.9215686274509803,0.00390625,0.0,0.0,0.9607843137254902,0.013671875,0.0,51,41,33.059827983379364,1.7038353026616921,2132,3156,0,608320,2642944,1600,256,256,91136,1078.09765625,True,True,True,,
geometry_fold_nuisance_1024_d128_frozen_initialization,geometry,1024,fold_nuisance,128,frozen_initialization,e22,41,1.0,1.0,1.0,0.024390243902439025,0.011814024390243903,0.0,0.21568627450980393,0.0390625,1.0,1.0,0.009765625,0.19607843137254902,0.0400390625,0.0,0.0068359375,0.19607843137254902,0.0400390625,0.024390243902439025,1,41,56.328502018004656,1.0,2048,3072,7506287,,,,,,,1078.09765625,False,False,False,,
geometry_fold_nuisance_4096_d128_frozen_initialization,geometry,4096,fold_nuisance,128,frozen_initialization,cb64_ra,175,1.0,0.9371428571428572,1.0,1.0,1.0,0.0,1.0,0.0,1.0,0.9371428571428572,0.005859375,0.9024390243902439,0.005859375,0.0,0.00048828125,1.1268292682926828,0.008544921875,0.0,527,175,73.02379584871233,7.83048176587156,8571,12667,0,2439552,10582784,6208,256,256,324608,1078.09765625,False,False,False,,
geometry_fold_nuisance_4096_d128_frozen_initialization,geometry,4096,fold_nuisance,128,frozen_initialization,e22,174,1.0,0.9425287356321839,1.0,0.006097560975609756,0.005871725383920505,0.0,0.2048780487804878,0.039794921875,1.0,0.9425287356321839,0.001220703125,0.2048780487804878,0.039794921875,0.3780487804878049,0.0009765625,0.2097560975609756,0.03955078125,0.3719512195121951,0,236,571.8115018680692,1.0,8192,12288,120261052,,,,,,,1078.09765625,False,False,False,,
