run,phase,batch_size,z_dim,num_particles,lr,d_lr_mult,loss_type,gan_mode,reg_arm,reg_coeff,reg_every,reg_method,lr_anneal_start,lr_floor,beta1,epochs,steps_per_epoch,lambda_ep,ema_decay,fourier,log_interval,snapshot_interval,seed,prior_kind,sigma_rel,standardize,particle_lr_multiplier,particle_beta1,mog_metrics,mog_pass_criteria,reg_fd_eps,reg_sync_stats,fused_adam,final_samples,save_checkpoint,out_dir,modes,hq,bridge,kl_balance,share_min,share_max,width,width_audited_modes,modes_real,hq_real,bridge_real,kl_balance_real,share_min_real,share_max_real,width_real,width_audited_modes_real,modes_ratio,hq_ratio,bridge_ratio,width_ratio,kl_balance_ratio,share_min_ratio,share_max_ratio,d_med,r_eff,k_nbrs,raw_std,sigma,d0,bridge_heuristic,raw_std_ratio,r_eff_drift_flag,raw_std_drift_flag,purity_mean,purity_below_09,components_no_hq,components_unsampled,alloc_empty,bridge_i_mean,passed_strict,passed,passed_baseline,t_cover,d_gap,raw_std_live,raw_std_live_ratio,git_sha,total_seconds,passed_c0_mean,pass_coverage,pass_hq,pass_width,pass_balance
beta05_n100_m10p0_s1,beta,256,4,100,0.0006,1.5,logistic,rp,b_cap,1.0,1,autograd,0.6,0.05,0.0,7,1000,1.0,0.995,2,100,1000000,1,mog,0.125,True,10.0,0.5,True,"{""hq_ratio_min"": 0.9988322835680561, ""kl_balance_max"": 0.03750414025263102, ""width_ratio_max"": 1.2090841395413692, ""width_ratio_min"": 0.7909158604586308}",0.05,True,False,200000,True,results/mog/stage1/beta05_n100_m10p0_s1,92,0.26188,0.7381200000000001,0.26619680439989024,0.0,3.860546815335268,4.412460724782027,94,100,0.9888450000000001,0.011155000000000002,0.00026367065956829985,0.943525021616128,1.0497095095793578,1.0008236939430668,100,0.92,0.2648342257886726,66.16943074854325,4.408829198874898,1009.5806823395761,0.0,3.6777287240946075,0.7006513705234934,0.15123955703610759,4.7,3.0035886764526367,0.10596620291471481,0.8477296233177185,0.0022238888185032095,2.9141504057974132,False,True,0.9725550709622616,10,0,0,9,0.7378695242126467,False,False,False,,0.2543950080871582,3.003889799118042,2.914442561892043,33b314481d098307d724527fd356444e3e4049a1,73.86756819798029,False,False,False,False,False
beta05_n100_m10p0_s2,beta,256,4,100,0.0006,1.5,logistic,rp,b_cap,1.0,1,autograd,0.6,0.05,0.0,7,1000,1.0,0.995,2,100,1000000,2,mog,0.125,True,10.0,0.5,True,"{""hq_ratio_min"": 0.9988322835680561, ""kl_balance_max"": 0.03750414025263102, ""width_ratio_max"": 1.2090841395413692, ""width_ratio_min"": 0.7909158604586308}",0.05,True,False,200000,True,results/mog/stage1/beta05_n100_m10p0_s2,91,0.28269,0.7173100000000001,0.4254372170778312,0.0,5.562630443241714,4.460523227433088,94,100,0.9887900000000001,0.011210000000000001,0.0003148277328783014,0.9415548296402674,1.0624096117476918,0.9988371223060898,100,0.91,0.28589488162299376,63.98840321141838,4.465716309316523,1351.3333567798697,0.0,5.23586230935076,0.6292218415305904,0.1655695756180499,2.5,2.9481890201568604,0.1041799932718277,0.8334399461746216,0.0031609514319355363,3.0120201531257083,False,True,0.9830065199609513,6,0,0,14,0.7178036031668279,False,False,False,,0.259354829788208,2.9489991664886475,3.0128478399061827,33b314481d098307d724527fd356444e3e4049a1,73.83787477199803,False,False,False,False,False
beta05_n100_m10p0_s3,beta,256,4,100,0.0006,1.5,logistic,rp,b_cap,1.0,1,autograd,0.6,0.05,0.0,7,1000,1.0,0.995,2,100,1000000,3,mog,0.125,True,10.0,0.5,True,"{""hq_ratio_min"": 0.9988322835680561, ""kl_balance_max"": 0.03750414025263102, ""width_ratio_max"": 1.2090841395413692, ""width_ratio_min"": 0.7909158604586308}",0.05,True,False,200000,True,results/mog/stage1/beta05_n100_m10p0_s3,87,0.31060000000000004,0.6894,0.37568398255658714,0.0,6.37958789439794,3.974106589745487,92,100,0.98911,0.01089,0.00019250860896343998,0.9584373831019806,1.0504392838005885,0.998892710185982,100,0.87,0.31401967425261096,63.30578512396694,3.9785119555087705,1951.5178286283012,0.0,6.07325715325115,0.6806999977913037,0.1450124664817268,3.62,2.895226240158081,0.09870998561382294,0.7896798849105835,0.0010222826991702829,2.907400704724132,False,True,0.9998294739187958,0,0,0,13,0.689506187998153,False,False,False,,0.30476346611976624,2.8957443237304688,2.907920966844782,33b314481d098307d724527fd356444e3e4049a1,74.23158193798736,False,False,False,False,False
beta05_n400_m10p0_s1,beta,256,4,400,0.0006,1.5,logistic,rp,b_cap,1.0,1,autograd,0.6,0.05,0.0,7,1000,1.0,0.995,2,100,1000000,1,mog,0.125,True,10.0,0.5,True,"{""hq_ratio_min"": 0.9988322835680561, ""kl_balance_max"": 0.03750414025263102, ""width_ratio_max"": 1.2090841395413692, ""width_ratio_min"": 0.7909158604586308}",0.05,True,False,200000,True,results/mog/stage1/beta05_n400_m10p0_s1,100,0.388915,0.6110850000000001,0.12978851774494266,0.11056400498823651,3.027653857526709,3.195784489876348,100,100,0.9888450000000001,0.011155000000000002,0.00026367065956829985,0.943525021616128,1.0497095095793578,1.0008236939430668,100,1.0,0.3933022870116145,54.78126400717167,3.19315430801356,492.23724003816557,0.11718184728037806,2.8842778215279368,0.014280697691320843,4.601851664433125,1.825,3.2326388359069824,0.0657176524400711,0.5257412195205688,0.8335492056481076,3.131061397684958,True,True,1.0,0,3,0,0,0.610867250876613,False,False,False,,0.2121034860610962,3.233025550842285,3.1314359610888203,33b314481d098307d724527fd356444e3e4049a1,74.96420441998634,False,True,False,False,False
beta05_n400_m10p0_s2,beta,256,4,400,0.0006,1.5,logistic,rp,b_cap,1.0,1,autograd,0.6,0.05,0.0,7,1000,1.0,0.995,2,100,1000000,2,mog,0.125,True,10.0,0.5,True,"{""hq_ratio_min"": 0.9988322835680561, ""kl_balance_max"": 0.03750414025263102, ""width_ratio_max"": 1.2090841395413692, ""width_ratio_min"": 0.7909158604586308}",0.05,True,False,200000,True,results/mog/stage1/beta05_n400_m10p0_s2,100,0.34938,0.6506200000000001,0.1733418718838058,0.14740397275173164,2.6876180662888545,3.5711346741104024,100,100,0.9887900000000001,0.011210000000000001,0.0003148277328783014,0.9415548296402674,1.0624096117476918,0.9988371223060898,100,1.0,0.35334095207273536,58.039250669045494,3.575292301777348,550.5927648083409,0.15655378541050993,2.5297380940178544,0.016319684257193212,4.011467920542955,1.755,3.3881545066833496,0.06546588987112045,0.5237271189689636,0.7904576688865722,3.3953326376273636,True,True,1.0,0,1,0,0,0.6505996135083725,False,False,False,,0.19457244873046875,3.3885726928710938,3.3957517097827363,33b314481d098307d724527fd356444e3e4049a1,73.18140563700581,False,True,False,False,False
beta05_n400_m10p0_s3,beta,256,4,400,0.0006,1.5,logistic,rp,b_cap,1.0,1,autograd,0.6,0.05,0.0,7,1000,1.0,0.995,2,100,1000000,3,mog,0.125,True,10.0,0.5,True,"{""hq_ratio_min"": 0.9988322835680561, ""kl_balance_max"": 0.03750414025263102, ""width_ratio_max"": 1.2090841395413692, ""width_ratio_min"": 0.7909158604586308}",0.05,True,False,200000,True,results/mog/stage1/beta05_n400_m10p0_s3,100,0.38955,0.61045,0.16565347504407935,0.17199332563213965,3.1151328455910665,3.346737771613869,100,100,0.98911,0.01089,0.00019250860896343998,0.9584373831019806,1.0504392838005885,0.998892710185982,100,1.0,0.3938389056828866,56.056014692378334,3.3504476882114256,860.4990495543979,0.17945181256962622,2.9655525013499324,0.012723930961033535,5.275734739959569,1.92,3.298279047012329,0.06712808459997177,0.5370246767997742,0.8875149243973116,3.256661786219955,True,True,1.0,0,3,0,0,0.6103583113972721,False,False,False,,0.21023720502853394,3.2987823486328125,3.2571587372453257,33b314481d098307d724527fd356444e3e4049a1,72.64941519298009,False,True,False,False,False
lr_n100_m0p1_s1,lr,256,4,100,0.0006,1.5,logistic,rp,b_cap,1.0,1,autograd,0.6,0.05,0.0,7,1000,1.0,0.995,2,100,1000000,1,mog,0.125,True,0.1,0.0,True,"{""hq_ratio_min"": 0.9988322835680561, ""kl_balance_max"": 0.03750414025263102, ""width_ratio_max"": 1.2090841395413692, ""width_ratio_min"": 0.7909158604586308}",0.05,True,False,200000,True,results/mog/stage1/lr_n100_m0p1_s1,94,0.16549000000000003,0.8345100000000001,0.37044911073274633,0.0,4.323524080004834,6.206927706413849,97,100,0.9888450000000001,0.011155000000000002,0.00026367065956829985,0.943525021616128,1.0497095095793578,1.0008236939430668,100,0.94,0.16735686583842768,74.81039892424921,6.201819305415983,1404.9690296951192,0.0,4.118781472921367,0.8224794358795665,0.12883751044960007,4.66,1.0356087684631348,0.10596620291471481,0.8477296233177185,0.00024252709146241124,1.0047713045810562,False,False,0.8993486391695049,28,0,0,18,0.8344282720766621,False,False,False,,0.2952154874801636,1.0356197357177734,1.004781945262254,33b314481d098307d724527fd356444e3e4049a1,67.71047915701638,False,False,False,False,False
lr_n100_m0p1_s2,lr,256,4,100,0.0006,1.5,logistic,rp,b_cap,1.0,1,autograd,0.6,0.05,0.0,7,1000,1.0,0.995,2,100,1000000,2,mog,0.125,True,0.1,0.0,True,"{""hq_ratio_min"": 0.9988322835680561, ""kl_balance_max"": 0.03750414025263102, ""width_ratio_max"": 1.2090841395413692, ""width_ratio_min"": 0.7909158604586308}",0.05,True,False,200000,True,results/mog/stage1/lr_n100_m0p1_s2,94,0.14720000000000003,0.8528000000000001,0.3679860302133954,0.0,5.893342391304348,6.182285317509061,97,100,0.9887900000000001,0.011210000000000001,0.0003148277328783014,0.9415548296402674,1.0624096117476918,0.9988371223060898,100,0.94,0.1488688194662163,76.07493309545049,6.189482929144201,1168.8488394878561,0.0,5.547147094809924,0.876405816912359,0.11887186422251433,6.42,1.0002912282943726,0.1041799932718277,0.8334399461746216,8.33602249922059e-05,1.021948497202264,False,False,0.9034841544386629,33,0,0,16,0.8525044349190801,False,False,False,,0.317160964012146,1.0002844333648682,1.0219415551559887,33b314481d098307d724527fd356444e3e4049a1,74.2044828000071,False,False,False,False,False
lr_n100_m0p1_s3,lr,256,4,100,0.0006,1.5,logistic,rp,b_cap,1.0,1,autograd,0.6,0.05,0.0,7,1000,1.0,0.995,2,100,1000000,3,mog,0.125,True,0.1,0.0,True,"{""hq_ratio_min"": 0.9988322835680561, ""kl_balance_max"": 0.03750414025263102, ""width_ratio_max"": 1.2090841395413692, ""width_ratio_min"": 0.7909158604586308}",0.05,True,False,200000,True,results/mog/stage1/lr_n100_m0p1_s3,91,0.160525,0.8394750000000001,0.37439754067738984,0.0,4.771842392150756,5.903627349365414,96,100,0.98911,0.01089,0.00019250860896343998,0.9584373831019806,1.0504392838005885,0.998892710185982,100,0.91,0.16229236384224202,77.08677685950414,5.910171622201776,1944.835312526169,0.0,4.5427112882581655,0.8542963854884278,0.11554536258208253,6.62,1.0034176111221313,0.09870998561382294,0.7896798849105835,4.996280396290453e-05,1.007636995425201,False,False,0.9221151904554159,23,0,0,17,0.8394262862669453,False,False,False,,0.3020622730255127,1.003426194190979,1.0076456145859662,33b314481d098307d724527fd356444e3e4049a1,74.96133331101737,False,False,False,False,False
lr_n100_m0p3_s1,lr,256,4,100,0.0006,1.5,logistic,rp,b_cap,1.0,1,autograd,0.6,0.05,0.0,7,1000,1.0,0.995,2,100,1000000,1,mog,0.125,True,0.3,0.0,True,"{""hq_ratio_min"": 0.9988322835680561, ""kl_balance_max"": 0.03750414025263102, ""width_ratio_max"": 1.2090841395413692, ""width_ratio_min"": 0.7909158604586308}",0.05,True,False,200000,True,results/mog/stage1/lr_n100_m0p3_s1,95,0.18699500000000002,0.8130050000000001,0.41109497150077157,0.0,8.024278724030054,5.784048316479205,97,100,0.9888450000000001,0.011155000000000002,0.00026367065956829985,0.943525021616128,1.0497095095793578,1.0008236939430668,100,0.95,0.18910446025413488,72.88256387270282,5.7792879519979055,1559.1229307570482,0.0,7.64428506248892,0.8153999570515768,0.1299561055875946,5.02,1.0373390913009644,0.10596620291471481,0.8477296233177185,0.00029957401069843307,1.0064501033591822,False,False,0.8887274745204647,30,0,0,15,0.8128727166117579,False,False,False,,0.2954432964324951,1.0373716354370117,1.0064816784240411,33b314481d098307d724527fd356444e3e4049a1,74.96759602401289,False,False,False,False,False
lr_n100_m0p3_s2,lr,256,4,100,0.0006,1.5,logistic,rp,b_cap,1.0,1,autograd,0.6,0.05,0.0,7,1000,1.0,0.995,2,100,1000000,2,mog,0.125,True,0.3,0.0,True,"{""hq_ratio_min"": 0.9988322835680561, ""kl_balance_max"": 0.03750414025263102, ""width_ratio_max"": 1.2090841395413692, ""width_ratio_min"": 0.7909158604586308}",0.05,True,False,200000,True,results/mog/stage1/lr_n100_m0p3_s2,93,0.160635,0.839365,0.36393796901648995,0.0,5.633890497089675,5.944265198057542,97,100,0.9887900000000001,0.011210000000000001,0.0003148277328783014,0.9415548296402674,1.0624096117476918,0.9988371223060898,100,0.93,0.1624561332537748,74.87644959857269,5.951185699159412,1155.9908197705454,0.0,5.3029363013967625,0.782693835582329,0.1331043998759964,4.34,1.0088087320327759,0.1041799932718277,0.8334399461746216,0.0003739795424316407,1.0306504131035144,False,False,0.892827010477256,29,0,0,15,0.838850097281979,False,False,False,,0.2888845205307007,1.0088177919387817,1.0306596691652146,33b314481d098307d724527fd356444e3e4049a1,74.9119800189801,False,False,False,False,False
lr_n100_m0p3_s3,lr,256,4,100,0.0006,1.5,logistic,rp,b_cap,1.0,1,autograd,0.6,0.05,0.0,7,1000,1.0,0.995,2,100,1000000,3,mog,0.125,True,0.3,0.0,True,"{""hq_ratio_min"": 0.9988322835680561, ""kl_balance_max"": 0.03750414025263102, ""width_ratio_max"": 1.2090841395413692, ""width_ratio_min"": 0.7909158604586308}",0.05,True,False,200000,True,results/mog/stage1/lr_n100_m0p3_s3,91,0.20386,0.7961400000000001,0.3833027661176489,0.0,5.660747571863043,5.396407860398424,97,100,0.98911,0.01089,0.00019250860896343998,0.9584373831019806,1.0504392838005885,0.998892710185982,100,0.91,0.2061044777628373,73.10743801652893,5.402389871674683,1991.0941551213605,0.0,5.388933619639513,0.8079809670361786,0.12216870154244988,5.3,1.009188175201416,0.09870998561382294,0.7896798849105835,0.00011298987118079933,1.0134318248026286,False,False,0.9301492161021534,22,0,0,17,0.7959415421835329,False,False,False,,0.2897067070007324,1.0092233419418335,1.013467139419654,33b314481d098307d724527fd356444e3e4049a1,74.72875727099017,False,False,False,False,False
lr_n100_m10p0_s1,lr,256,4,100,0.0006,1.5,logistic,rp,b_cap,1.0,1,autograd,0.6,0.05,0.0,7,1000,1.0,0.995,2,100,1000000,1,mog,0.125,True,10.0,0.0,True,"{""hq_ratio_min"": 0.9988322835680561, ""kl_balance_max"": 0.03750414025263102, ""width_ratio_max"": 1.2090841395413692, ""width_ratio_min"": 0.7909158604586308}",0.05,True,False,200000,True,results/mog/stage1/lr_n100_m10p0_s1,88,0.233245,0.7667550000000001,0.39471662364458215,0.0,5.725739029775558,4.912603421796198,94,100,0.9888450000000001,0.011155000000000002,0.00026367065956829985,0.943525021616128,1.0497095095793578,1.0008236939430668,100,0.88,0.23587619899984325,68.7364410578216,4.908560270432265,1497.0062436633639,0.0,5.4545938447961575,0.6509528253773931,0.16278630153157472,4.3,2.211456298828125,0.10596620291471481,0.8477296233177185,0.004579025873377961,2.1456054622780334,False,True,0.9730034925029809,8,0,0,16,0.7666810317834853,False,False,False,,0.26532673835754395,2.2119688987731934,2.146102798464457,33b314481d098307d724527fd356444e3e4049a1,75.00899105099961,False,False,False,False,False
lr_n100_m10p0_s2,lr,256,4,100,0.0006,1.5,logistic,rp,b_cap,1.0,1,autograd,0.6,0.05,0.0,7,1000,1.0,0.995,2,100,1000000,2,mog,0.125,True,10.0,0.0,True,"{""hq_ratio_min"": 0.9988322835680561, ""kl_balance_max"": 0.03750414025263102, ""width_ratio_max"": 1.2090841395413692, ""width_ratio_min"": 0.7909158604586308}",0.05,True,False,200000,True,results/mog/stage1/lr_n100_m10p0_s2,93,0.318105,0.681895,0.4685335547569963,0.0,5.5453388032253494,4.469208456452145,98,100,0.9887900000000001,0.011210000000000001,0.0003148277328783014,0.9415548296402674,1.0624096117476918,0.9988371223060898,100,0.93,0.32171138462160825,60.82917038358608,4.474411649953248,1488.2219888109757,0.0,5.219586440020174,0.5238955147111438,0.19885643290774996,1.1,2.124192714691162,0.1041799932718277,0.8334399461746216,0.006558362758291509,2.1701835336976365,True,True,0.9703958628834224,12,0,0,14,0.6814175947420529,False,False,False,,0.23864704370498657,2.1240622997283936,2.1700502951252645,33b314481d098307d724527fd356444e3e4049a1,75.2844877979951,False,False,False,False,False
lr_n100_m10p0_s3,lr,256,4,100,0.0006,1.5,logistic,rp,b_cap,1.0,1,autograd,0.6,0.05,0.0,7,1000,1.0,0.995,2,100,1000000,3,mog,0.125,True,10.0,0.0,True,"{""hq_ratio_min"": 0.9988322835680561, ""kl_balance_max"": 0.03750414025263102, ""width_ratio_max"": 1.2090841395413692, ""width_ratio_min"": 0.7909158604586308}",0.05,True,False,200000,True,results/mog/stage1/lr_n100_m10p0_s3,91,0.31307,0.68693,0.2671136313055231,0.0,4.960551953237295,3.813690584216839,94,100,0.98911,0.01089,0.00019250860896343998,0.9584373831019806,1.0504392838005885,0.998892710185982,100,0.91,0.31651686870014456,63.07897153351699,3.8179181260685895,1387.5412260459045,0.0,4.722359521142002,0.7531931448579582,0.13105534256082252,5.06,2.0370218753814697,0.09870998561382294,0.7896798849105835,0.00034428880439713727,2.0455875792626106,False,True,0.9975983984262707,1,0,0,10,0.6866995744761207,False,False,False,,0.18917447328567505,2.037715196609497,2.046283815915556,33b314481d098307d724527fd356444e3e4049a1,74.56603758400888,False,False,False,False,False
lr_n100_m1p0_s1,lr,256,4,100,0.0006,1.5,logistic,rp,b_cap,1.0,1,autograd,0.6,0.05,0.0,7,1000,1.0,0.995,2,100,1000000,1,mog,0.125,True,1.0,0.0,True,"{""hq_ratio_min"": 0.9988322835680561, ""kl_balance_max"": 0.03750414025263102, ""width_ratio_max"": 1.2090841395413692, ""width_ratio_min"": 0.7909158604586308}",0.05,True,False,200000,True,results/mog/stage1/lr_n100_m1p0_s1,87,0.24269000000000002,0.75731,0.4027509730448421,0.0,3.5374345873336357,4.861143824402008,90,100,0.9888450000000001,0.011155000000000002,0.00026367065956829985,0.943525021616128,1.0497095095793578,1.0008236939430668,100,0.87,0.2454277465123452,67.88973554459882,4.857143025111615,1527.4773981460596,0.0,3.3699176344045556,0.8070649075417757,0.13129824122507736,4.8,1.1067909002304077,0.10596620291471481,0.8477296233177185,0.00033605996699265293,1.0738338362790094,False,False,0.9236893503409823,22,0,0,18,0.7574517279649388,False,False,False,,0.31919848918914795,1.1069737672805786,1.0740112580720265,33b314481d098307d724527fd356444e3e4049a1,73.7596415799926,False,False,False,False,False
lr_n100_m1p0_s2,lr,256,4,100,0.0006,1.5,logistic,rp,b_cap,1.0,1,autograd,0.6,0.05,0.0,7,1000,1.0,0.995,2,100,1000000,2,mog,0.125,True,1.0,0.0,True,"{""hq_ratio_min"": 0.9988322835680561, ""kl_balance_max"": 0.03750414025263102, ""width_ratio_max"": 1.2090841395413692, ""width_ratio_min"": 0.7909158604586308}",0.05,True,False,200000,True,results/mog/stage1/lr_n100_m1p0_s2,93,0.218005,0.7819950000000001,0.41823519121358255,0.0,5.4929932799706425,5.375452948242592,96,100,0.9887900000000001,0.011210000000000001,0.0003148277328783014,0.9415548296402674,1.0624096117476918,0.9988371223060898,100,0.93,0.22047654203622608,69.75869759143622,5.3817112201756006,1328.4572721401705,0.0,5.170315873681266,0.7816260451158247,0.1332862356913783,4.96,1.0962845087051392,0.1041799932718277,0.8334399461746216,0.0004362380685603923,1.1200201246267814,False,False,0.9157198605884788,29,0,0,14,0.7817225118097162,False,False,False,,0.28827059268951416,1.096206784248352,1.1199407173606146,33b314481d098307d724527fd356444e3e4049a1,75.2653783550195,False,False,False,False,False
lr_n100_m1p0_s3,lr,256,4,100,0.0006,1.5,logistic,rp,b_cap,1.0,1,autograd,0.6,0.05,0.0,7,1000,1.0,0.995,2,100,1000000,3,mog,0.125,True,1.0,0.0,True,"{""hq_ratio_min"": 0.9988322835680561, ""kl_balance_max"": 0.03750414025263102, ""width_ratio_max"": 1.2090841395413692, ""width_ratio_min"": 0.7909158604586308}",0.05,True,False,200000,True,results/mog/stage1/lr_n100_m1p0_s3,91,0.25639,0.7436100000000001,0.423478714594365,0.0,5.544287998751901,4.7894517868144755,95,100,0.98911,0.01089,0.00019250860896343998,0.9584373831019806,1.0504392838005885,0.998892710185982,100,0.91,0.2592128276935831,68.28374655647383,4.794760976804742,2199.791047655377,0.0,5.278066123624151,0.7509532595949138,0.13144624429364618,4.1,1.0877670049667358,0.09870998561382294,0.7896798849105835,0.0002920682764451576,1.092341079584602,False,False,0.953433420449316,13,0,0,16,0.7435381696743241,False,False,False,,0.3399113416671753,1.087717056274414,1.0922909208573695,33b314481d098307d724527fd356444e3e4049a1,75.70313804701436,False,False,False,False,False
lr_n100_m3p0_s1,lr,256,4,100,0.0006,1.5,logistic,rp,b_cap,1.0,1,autograd,0.6,0.05,0.0,7,1000,1.0,0.995,2,100,1000000,1,mog,0.125,True,3.0,0.0,True,"{""hq_ratio_min"": 0.9988322835680561, ""kl_balance_max"": 0.03750414025263102, ""width_ratio_max"": 1.2090841395413692, ""width_ratio_min"": 0.7909158604586308}",0.05,True,False,200000,True,results/mog/stage1/lr_n100_m3p0_s1,89,0.25067500000000004,0.749325,0.29498495667495794,0.0,4.005185997805924,4.5816223711984225,93,100,0.9888450000000001,0.011155000000000002,0.00026367065956829985,0.943525021616128,1.0497095095793578,1.0008236939430668,100,0.89,0.2535028240017394,67.17391304347825,4.577851622544674,1118.7629187029306,0.0,3.8155184470138717,0.7311824974072769,0.1449244248740413,5.24,1.5644415616989136,0.10596620291471481,0.8477296233177185,0.001468333851001884,1.5178569714331251,False,False,0.9592505539803284,12,0,0,13,0.7488760898953823,False,False,False,,0.33483171463012695,1.564669132232666,1.5180777655679816,33b314481d098307d724527fd356444e3e4049a1,75.38528313598363,False,False,False,False,False
lr_n100_m3p0_s2,lr,256,4,100,0.0006,1.5,logistic,rp,b_cap,1.0,1,autograd,0.6,0.05,0.0,7,1000,1.0,0.995,2,100,1000000,2,mog,0.125,True,3.0,0.0,True,"{""hq_ratio_min"": 0.9988322835680561, ""kl_balance_max"": 0.03750414025263102, ""width_ratio_max"": 1.2090841395413692, ""width_ratio_min"": 0.7909158604586308}",0.05,True,False,200000,True,results/mog/stage1/lr_n100_m3p0_s2,92,0.26471500000000003,0.7352850000000001,0.43070752497179476,0.0,5.955461534102715,4.873100882513866,94,100,0.9887900000000001,0.011210000000000001,0.0003148277328783014,0.9415548296402674,1.0624096117476918,0.9988371223060898,100,0.92,0.2677160974524419,65.59188224799286,4.878774300321332,1368.073647877417,0.0,5.60561714450778,0.6255299709958302,0.1665467653068252,2.82,1.5784205198287964,0.1041799932718277,0.8334399461746216,0.0037798072247304682,1.6125948449460472,False,False,0.9621827557544854,13,0,0,13,0.734867106881901,False,False,False,,0.2746545076370239,1.57856285572052,1.6127402625469722,33b314481d098307d724527fd356444e3e4049a1,75.38462620100472,False,False,False,False,False
lr_n100_m3p0_s3,lr,256,4,100,0.0006,1.5,logistic,rp,b_cap,1.0,1,autograd,0.6,0.05,0.0,7,1000,1.0,0.995,2,100,1000000,3,mog,0.125,True,3.0,0.0,True,"{""hq_ratio_min"": 0.9988322835680561, ""kl_balance_max"": 0.03750414025263102, ""width_ratio_max"": 1.2090841395413692, ""width_ratio_min"": 0.7909158604586308}",0.05,True,False,200000,True,results/mog/stage1/lr_n100_m3p0_s3,94,0.25958000000000003,0.7404200000000001,0.35618387008557173,0.0,4.033438631635719,4.743101637279087,98,100,0.98911,0.01089,0.00019250860896343998,0.9584373831019806,1.0504392838005885,0.998892710185982,100,0.94,0.26243794926752334,67.99081726354454,4.74835944732841,1850.223073157294,0.0,3.8397637006132874,0.7354177017587952,0.13422302098216038,4.36,1.583326816558838,0.09870998561382294,0.7896798849105835,0.0004255452151390925,1.589984726727413,False,False,0.968348877286264,12,0,0,12,0.7401529034435752,False,False,False,,0.25108373165130615,1.5835319757461548,1.5901907486118214,33b314481d098307d724527fd356444e3e4049a1,74.91184092700132,False,False,False,False,False
lr_n400_m0p1_s1,lr,256,4,400,0.0006,1.5,logistic,rp,b_cap,1.0,1,autograd,0.6,0.05,0.0,7,1000,1.0,0.995,2,100,1000000,1,mog,0.125,True,0.1,0.0,True,"{""hq_ratio_min"": 0.9988322835680561, ""kl_balance_max"": 0.03750414025263102, ""width_ratio_max"": 1.2090841395413692, ""width_ratio_min"": 0.7909158604586308}",0.05,True,False,200000,True,results/mog/stage1/lr_n400_m0p1_s1,100,0.167975,0.832025,0.13626778629409145,0.05655603512427444,2.2741479386813515,5.221066702010549,100,100,0.9888450000000001,0.011155000000000002,0.00026367065956829985,0.943525021616128,1.0497095095793578,1.0008236939430668,100,1.0,0.1698698987202241,74.58762886597937,5.21676968042241,516.8105792172654,0.05994121388259717,2.1664545456891724,0.5471486096381952,0.12010932913368313,4.64,1.0420113801956177,0.0657176524400711,0.5257412195205688,7.29099075154525e-05,1.0092688277574113,False,False,0.9978859279791806,2,6,0,0,0.8320864755121398,False,False,False,,0.28707051277160645,1.042040467262268,1.00929700083711,33b314481d098307d724527fd356444e3e4049a1,75.81055013998412,False,True,False,False,False
lr_n400_m0p1_s2,lr,256,4,400,0.0006,1.5,logistic,rp,b_cap,1.0,1,autograd,0.6,0.05,0.0,7,1000,1.0,0.995,2,100,1000000,2,mog,0.125,True,0.1,0.0,True,"{""hq_ratio_min"": 0.9988322835680561, ""kl_balance_max"": 0.03750414025263102, ""width_ratio_max"": 1.2090841395413692, ""width_ratio_min"": 0.7909158604586308}",0.05,True,False,200000,True,results/mog/stage1/lr_n400_m0p1_s2,100,0.16597,0.83403,0.11824128358805644,0.19581852141953368,2.578779297463397,5.213077577504552,100,100,0.9887900000000001,0.011210000000000001,0.0003148277328783014,0.9415548296402674,1.0624096117476918,0.9988371223060898,100,1.0,0.16785161662233639,74.40053523639607,5.219146806907547,375.57454836344846,0.20797357228186972,2.427292890565285,0.5335350310097892,0.12270213962749019,4.14,1.0072840452194214,0.06546588987112045,0.5237271189689636,9.528712902441809e-05,1.0094180732751485,False,False,0.9985465756008093,2,3,0,0,0.8340738816544544,False,False,False,,0.24777734279632568,1.007277488708496,1.0094115028736248,33b314481d098307d724527fd356444e3e4049a1,74.78309143599472,False,True,False,False,False
lr_n400_m0p1_s3,lr,256,4,400,0.0006,1.5,logistic,rp,b_cap,1.0,1,autograd,0.6,0.05,0.0,7,1000,1.0,0.995,2,100,1000000,3,mog,0.125,True,0.1,0.0,True,"{""hq_ratio_min"": 0.9988322835680561, ""kl_balance_max"": 0.03750414025263102, ""width_ratio_max"": 1.2090841395413692, ""width_ratio_min"": 0.7909158604586308}",0.05,True,False,200000,True,results/mog/stage1/lr_n400_m0p1_s3,99,0.16681500000000002,0.8331850000000001,0.15352685883233402,0.0,2.9703563828192907,5.21695592931464,100,100,0.98911,0.01089,0.00019250860896343998,0.9584373831019806,1.0504392838005885,0.998892710185982,100,0.99,0.1686516160993216,76.50918273645547,5.222739015027254,797.5064578098472,0.0,2.827727816949363,0.5617781766580423,0.11949215435763186,5.12,1.0218098163604736,0.06712808459997177,0.5370246767997742,7.320360047203444e-05,1.008916751522251,False,False,0.9976065382834903,2,2,0,1,0.833019187147641,False,False,False,,0.2794765830039978,1.0218172073364258,1.008924049239819,33b314481d098307d724527fd356444e3e4049a1,75.35614899499342,False,False,False,False,False
lr_n400_m0p3_s1,lr,256,4,400,0.0006,1.5,logistic,rp,b_cap,1.0,1,autograd,0.6,0.05,0.0,7,1000,1.0,0.995,2,100,1000000,1,mog,0.125,True,0.3,0.0,True,"{""hq_ratio_min"": 0.9988322835680561, ""kl_balance_max"": 0.03750414025263102, ""width_ratio_max"": 1.2090841395413692, ""width_ratio_min"": 0.7909158604586308}",0.05,True,False,200000,True,results/mog/stage1/lr_n400_m0p3_s1,100,0.17389000000000002,0.8261100000000001,0.1686426813161965,0.155270573350969,3.2664328023463107,5.052301399714347,100,100,0.9888450000000001,0.011155000000000002,0.00026367065956829985,0.943525021616128,1.0497095095793578,1.0008236939430668,100,1.0,0.17585162487548606,74.05737337516808,5.0481432746752635,639.5959322600025,0.16456434094880915,3.1117492720964712,0.5368894288234441,0.12240444477382759,4.31,1.0430257320404053,0.0657176524400711,0.5257412195205688,9.505961528108671e-05,1.0102513061801808,False,False,0.9997008853792774,0,2,0,0,0.8263856898468452,False,False,False,,0.32088524103164673,1.0430212020874023,1.010246918569408,33b314481d098307d724527fd356444e3e4049a1,75.44453804698423,False,True,False,False,False
lr_n400_m0p3_s2,lr,256,4,400,0.0006,1.5,logistic,rp,b_cap,1.0,1,autograd,0.6,0.05,0.0,7,1000,1.0,0.995,2,100,1000000,2,mog,0.125,True,0.3,0.0,True,"{""hq_ratio_min"": 0.9988322835680561, ""kl_balance_max"": 0.03750414025263102, ""width_ratio_max"": 1.2090841395413692, ""width_ratio_min"": 0.7909158604586308}",0.05,True,False,200000,True,results/mog/stage1/lr_n400_m0p3_s2,100,0.172105,0.827895,0.10545614420824118,0.15978617704308418,2.61468289706865,5.048144773242983,100,100,0.9887900000000001,0.011210000000000001,0.0003148277328783014,0.9415548296402674,1.0624096117476918,0.9988371223060898,100,1.0,0.17405616966191,73.85325602140945,5.054021982671164,334.96459553963723,0.16970459076093578,2.4610873886649314,0.5459968165527518,0.11990159628484835,4.75,1.0104269981384277,0.06546588987112045,0.5237271189689636,7.23150353444231e-05,1.0125676848419702,False,False,0.9996490133039221,0,2,0,0,0.827887599732307,False,False,False,,0.25605374574661255,1.010428547859192,1.0125692378459668,33b314481d098307d724527fd356444e3e4049a1,76.931163079018,False,True,False,False,False
lr_n400_m0p3_s3,lr,256,4,400,0.0006,1.5,logistic,rp,b_cap,1.0,1,autograd,0.6,0.05,0.0,7,1000,1.0,0.995,2,100,1000000,3,mog,0.125,True,0.3,0.0,True,"{""hq_ratio_min"": 0.9988322835680561, ""kl_balance_max"": 0.03750414025263102, ""width_ratio_max"": 1.2090841395413692, ""width_ratio_min"": 0.7909158604586308}",0.05,True,False,200000,True,results/mog/stage1/lr_n400_m0p3_s3,100,0.16854000000000002,0.8314600000000001,0.139090092189006,0.1423994304022784,3.6044855820576718,5.307660336485291,100,100,0.98911,0.01089,0.00019250860896343998,0.9584373831019806,1.0504392838005885,0.998892710185982,100,1.0,0.17039560817300403,76.35078053259872,5.313543969599165,722.5136212761328,0.14857457869746582,3.4314078287478957,0.5335182549238997,0.1258215327787553,4.52,1.0231173038482666,0.06712808459997177,0.5370246767997742,0.00015980556272200667,1.0102077413010913,False,False,0.9989501128749859,1,2,0,0,0.8312799562711743,False,False,False,,0.2774962782859802,1.023118019104004,1.0102084475318236,33b314481d098307d724527fd356444e3e4049a1,75.50662349601043,False,True,False,False,False
lr_n400_m10p0_s1,lr,256,4,400,0.0006,1.5,logistic,rp,b_cap,1.0,1,autograd,0.6,0.05,0.0,7,1000,1.0,0.995,2,100,1000000,1,mog,0.125,True,10.0,0.0,True,"{""hq_ratio_min"": 0.9988322835680561, ""kl_balance_max"": 0.03750414025263102, ""width_ratio_max"": 1.2090841395413692, ""width_ratio_min"": 0.7909158604586308}",0.05,True,False,200000,True,results/mog/stage1/lr_n400_m10p0_s1,100,0.367705,0.632295,0.12791035062196177,0.14821664105736937,2.8038781088100517,3.3101030073036823,100,100,0.9888450000000001,0.011155000000000002,0.00026367065956829985,0.943525021616128,1.0497095095793578,1.0008236939430668,100,1.0,0.3718530204430421,56.68265351860152,3.3073787394685543,485.11408448473406,0.15708819338303795,2.671099083339379,0.016651155381420105,3.946732279815308,1.655,2.6541309356689453,0.0657176524400711,0.5257412195205688,0.7440781276870377,2.5707316340963544,True,True,0.9998522021874077,0,2,0,0,0.6321569465926651,False,False,False,,0.17623662948608398,2.654581069946289,2.571167624051035,33b314481d098307d724527fd356444e3e4049a1,75.39452112102299,False,True,False,False,False
lr_n400_m10p0_s2,lr,256,4,400,0.0006,1.5,logistic,rp,b_cap,1.0,1,autograd,0.6,0.05,0.0,7,1000,1.0,0.995,2,100,1000000,2,mog,0.125,True,10.0,0.0,True,"{""hq_ratio_min"": 0.9988322835680561, ""kl_balance_max"": 0.03750414025263102, ""width_ratio_max"": 1.2090841395413692, ""width_ratio_min"": 0.7909158604586308}",0.05,True,False,200000,True,results/mog/stage1/lr_n400_m10p0_s2,100,0.36979500000000004,0.630205,0.16613214328399728,0.16766046052542624,3.0827891128868696,3.4481949470101707,100,100,0.9887900000000001,0.011210000000000001,0.0003148277328783014,0.9415548296402674,1.0624096117476918,0.9988371223060898,100,1.0,0.373987398739874,56.21810883140053,3.4522094443677322,527.6922136596419,0.17806765495481872,2.901695427826185,0.013939087859870025,4.696569139189778,1.82,2.614858388900757,0.06546588987112045,0.5237271189689636,0.8328473257271753,2.6203982177009366,True,True,0.9999672871209394,0,3,0,0,0.6301548206347279,False,False,False,,0.1887836456298828,2.615530014038086,2.621071265740666,33b314481d098307d724527fd356444e3e4049a1,75.54142665700056,False,True,False,False,False
lr_n400_m10p0_s3,lr,256,4,400,0.0006,1.5,logistic,rp,b_cap,1.0,1,autograd,0.6,0.05,0.0,7,1000,1.0,0.995,2,100,1000000,3,mog,0.125,True,10.0,0.0,True,"{""hq_ratio_min"": 0.9988322835680561, ""kl_balance_max"": 0.03750414025263102, ""width_ratio_max"": 1.2090841395413692, ""width_ratio_min"": 0.7909158604586308}",0.05,True,False,200000,True,results/mog/stage1/lr_n400_m10p0_s3,100,0.38001500000000005,0.619985,0.1208341367815311,0.24604291935844635,2.8169940660237094,3.5901854833749636,100,100,0.98911,0.01089,0.00019250860896343998,0.9584373831019806,1.0504392838005885,0.998892710185982,100,1.0,0.3841989263074886,56.931588613406795,3.5941652659638628,627.6817303504549,0.2567125653656465,2.6817295482624743,0.013523636176435193,4.9637600216531865,1.755,2.5754358768463135,0.06712808459997177,0.5370246767997742,0.8070935448541675,2.5429393582034057,True,True,0.9999609527528308,0,6,0,0,0.6199854315504049,False,False,False,,0.17609135806560516,2.576003313064575,2.5434996345844487,33b314481d098307d724527fd356444e3e4049a1,75.8540995719959,False,True,False,False,False
lr_n400_m1p0_s1,lr,256,4,400,0.0006,1.5,logistic,rp,b_cap,1.0,1,autograd,0.6,0.05,0.0,7,1000,1.0,0.995,2,100,1000000,1,mog,0.125,True,1.0,0.0,True,"{""hq_ratio_min"": 0.9988322835680561, ""kl_balance_max"": 0.03750414025263102, ""width_ratio_max"": 1.2090841395413692, ""width_ratio_min"": 0.7909158604586308}",0.05,True,False,200000,True,results/mog/stage1/lr_n400_m1p0_s1,100,0.200415,0.7995850000000001,0.13110460320956135,0.11725669236334606,2.973829304193798,4.721372799046925,100,100,0.9888450000000001,0.011155000000000002,0.00026367065956829985,0.943525021616128,1.0497095095793578,1.0008236939430668,100,1.0,0.20267584909667338,71.67951591214701,4.717487033550893,497.22863903103604,0.12427512750271481,2.8330021563636953,0.49925208335224003,0.13163220471471718,3.695,1.10904061794281,0.0657176524400711,0.5257412195205688,0.00026898939052756246,1.074191842507866,False,False,0.9992346953055335,1,0,0,0,0.7997519081542552,False,False,False,,0.2760082483291626,1.1090399026870728,1.0741911497272176,33b314481d098307d724527fd356444e3e4049a1,74.60644693399081,False,True,False,False,False
lr_n400_m1p0_s2,lr,256,4,400,0.0006,1.5,logistic,rp,b_cap,1.0,1,autograd,0.6,0.05,0.0,7,1000,1.0,0.995,2,100,1000000,2,mog,0.125,True,1.0,0.0,True,"{""hq_ratio_min"": 0.9988322835680561, ""kl_balance_max"": 0.03750414025263102, ""width_ratio_max"": 1.2090841395413692, ""width_ratio_min"": 0.7909158604586308}",0.05,True,False,200000,True,results/mog/stage1/lr_n400_m1p0_s2,100,0.219505,0.780495,0.12812617260862286,0.12755973668025786,2.8587048131022073,4.44627175102546,100,100,0.9887900000000001,0.011210000000000001,0.0003148277328783014,0.9415548296402674,1.0624096117476918,0.9988371223060898,100,1.0,0.22199354766937368,69.62488849241748,4.451448240890387,406.97231923386755,0.1354777572847177,2.690774614133585,0.38281095706577994,0.17101362608038198,1.72,1.0856646299362183,0.06546588987112045,0.5237271189689636,0.002974305362063754,1.0879647147935039,False,False,0.9997926868044517,0,0,0,0,0.7804496862976206,False,False,False,,0.2388601303100586,1.0856989622116089,1.0879991198051195,33b314481d098307d724527fd356444e3e4049a1,76.69835810898803,False,True,False,False,False
lr_n400_m1p0_s3,lr,256,4,400,0.0006,1.5,logistic,rp,b_cap,1.0,1,autograd,0.6,0.05,0.0,7,1000,1.0,0.995,2,100,1000000,3,mog,0.125,True,1.0,0.0,True,"{""hq_ratio_min"": 0.9988322835680561, ""kl_balance_max"": 0.03750414025263102, ""width_ratio_max"": 1.2090841395413692, ""width_ratio_min"": 0.7909158604586308}",0.05,True,False,200000,True,results/mog/stage1/lr_n400_m1p0_s3,100,0.19838000000000003,0.8016200000000001,0.15662103832215518,0.1058574453069866,3.639479786268777,5.25590442188522,100,100,0.98911,0.01089,0.00019250860896343998,0.9584373831019806,1.0504392838005885,0.998892710185982,100,1.0,0.20056414352296512,73.61065197428834,5.261730682674251,813.5793986849682,0.11044795118944463,3.4647217049050143,0.5012342173766638,0.13392558263740173,3.89,1.088902235031128,0.06712808459997177,0.5370246767997742,0.0003674099650289121,1.0751626066835087,False,False,0.9996379635198731,0,2,0,0,0.8015533950415693,False,False,False,,0.20463132858276367,1.0889331102371216,1.0751930923101243,33b314481d098307d724527fd356444e3e4049a1,76.06548914700397,False,True,False,False,False
lr_n400_m3p0_s1,lr,256,4,400,0.0006,1.5,logistic,rp,b_cap,1.0,1,autograd,0.6,0.05,0.0,7,1000,1.0,0.995,2,100,1000000,1,mog,0.125,True,3.0,0.0,True,"{""hq_ratio_min"": 0.9988322835680561, ""kl_balance_max"": 0.03750414025263102, ""width_ratio_max"": 1.2090841395413692, ""width_ratio_min"": 0.7909158604586308}",0.05,True,False,200000,True,results/mog/stage1/lr_n400_m3p0_s1,100,0.27786,0.72214,0.16251003344397524,0.14215792125530843,3.10588065932484,4.080821730025516,100,100,0.9888450000000001,0.011155000000000002,0.00026367065956829985,0.943525021616128,1.0497095095793578,1.0008236939430668,100,1.0,0.28099449357583844,64.7368892873151,4.077463148327161,616.3371901524731,0.15066682705649032,2.9588001546917835,0.11388258440387591,0.577064990086706,1.305,1.5553230047225952,0.0657176524400711,0.5257412195205688,0.25202257700527086,1.5064509424703403,True,False,0.9998565865609657,0,5,0,0,0.7223373123760516,False,False,False,,0.25695931911468506,1.5554938316345215,1.506616401581849,33b314481d098307d724527fd356444e3e4049a1,75.9105727240094,False,True,False,False,False
lr_n400_m3p0_s2,lr,256,4,400,0.0006,1.5,logistic,rp,b_cap,1.0,1,autograd,0.6,0.05,0.0,7,1000,1.0,0.995,2,100,1000000,2,mog,0.125,True,3.0,0.0,True,"{""hq_ratio_min"": 0.9988322835680561, ""kl_balance_max"": 0.03750414025263102, ""width_ratio_max"": 1.2090841395413692, ""width_ratio_min"": 0.7909158604586308}",0.05,True,False,200000,True,results/mog/stage1/lr_n400_m3p0_s2,100,0.27041000000000004,0.7295900000000001,0.12701145025416924,0.17565918420176768,2.768018934211013,4.107308110206255,100,100,0.9887900000000001,0.011210000000000001,0.0003148277328783014,0.9415548296402674,1.0624096117476918,0.9988371223060898,100,1.0,0.2734756621729589,65.08385370205174,4.112089967905284,403.43158175098347,0.18656288372380866,2.6054159371332766,0.018548420310164165,3.5294590469920744,1.335,1.5665713548660278,0.06546588987112045,0.5237271189689636,0.5923026570796073,1.5698902868380462,True,False,1.0,0,3,0,0,0.7297090045765778,False,False,False,,0.1918652057647705,1.5666584968566895,1.56997761344739,33b314481d098307d724527fd356444e3e4049a1,75.37628291398869,False,True,False,False,False
lr_n400_m3p0_s3,lr,256,4,400,0.0006,1.5,logistic,rp,b_cap,1.0,1,autograd,0.6,0.05,0.0,7,1000,1.0,0.995,2,100,1000000,3,mog,0.125,True,3.0,0.0,True,"{""hq_ratio_min"": 0.9988322835680561, ""kl_balance_max"": 0.03750414025263102, ""width_ratio_max"": 1.2090841395413692, ""width_ratio_min"": 0.7909158604586308}",0.05,True,False,200000,True,results/mog/stage1/lr_n400_m3p0_s3,100,0.3562,0.6438,0.17803560286668876,0.17265581134194272,3.607523862998316,3.476126202943858,100,100,0.98911,0.01089,0.00019250860896343998,0.9584373831019806,1.0504392838005885,0.998892710185982,100,1.0,0.36012172559169353,59.11845730027548,3.4799795488512917,924.8189149842133,0.1801430269582584,3.4343002195671453,0.017339610775584685,3.8713720549305837,1.73,1.5156371593475342,0.06712808459997177,0.5370246767997742,0.7761095251029045,1.4965130446113006,True,False,1.0,0,1,0,0,0.6435855227026448,False,False,False,,0.23041677474975586,1.515765905380249,1.4966401661431339,33b314481d098307d724527fd356444e3e4049a1,68.42046308101271,False,True,False,False,False
