variant,arm,coeff,n_seeds,w1_exact_mean,w1_exact_std,w1_exact_median,w2_exact_mean,w2_exact_std,w1_sliced_mean,mode_recall_mean,mode_recall_std,modes_mean,hq_mean,hist_kl_mean,hist_js_mean,nll_mean,nll_std,collapse_rate,collapse_events_mean,steps_to_thresh_mean,steps_to_thresh_std,steps_to_thresh_censored,dominant_modulus_mean,dominant_modulus_std,dominant_modulus_max,w1_windowed_std_mean,dloss_fft_peak_mean,med_nr_mid_mean,med_nf_mid_mean,wall_clock_mean
main,a_r1r2,1.0,5,0.18340810315748157,0.021677049817257963,0.17385046374259955,0.3624689094523901,0.02983108721339053,0.03391317389905453,1.0,0.0,100.0,0.5977599859237671,0.0049967659012784445,0.0012550607819290058,14.831781305111715,0.7173797612499577,0.0,0.0,5900.0,1376.9531582446805,3,1.000106249543866,1.9823460322678192e-05,1.0001428267761072,0.00035797667709831733,0.22888045220951056,0.044603777676820756,0.07791717201471329,110.6222005367279
main,a_r1r2,0.3,5,0.22943634503488078,0.04315044598313702,0.20676915679862742,0.4708064383814622,0.05480427188621621,0.10880192071199417,1.0,0.0,100.0,0.8678999781608582,0.011986020214201601,0.003029789919855536,7.818071553709797,1.253092213613307,0.0,0.0,7000.0,0.0,5,1.0001470864116992,3.517890776828709e-05,1.0001873434811366,0.00023127123712126537,0.6003446462989833,0.09482545554637908,0.17347773611545564,142.87054052352906
main,a_r1r2,0.1,5,0.3380690708941611,0.04946415375392383,0.36473615234192974,0.6076997254568237,0.056545381988165264,0.18011535704135895,0.984,0.01019803902718558,100.0,0.9429299831390381,0.03364985855115282,0.00860089098925453,11.402818830337347,2.9887194197812827,0.0,0.0,7000.0,0.0,5,1.0003121187484858,9.31680297310338e-05,1.0004444512786324,0.00016449908427151107,1.9177588313966347,0.1859305739402771,0.3118939459323883,110.34858536720276
main,b_cap,1.0,5,0.3675136923773799,0.02823429023580578,0.3673030746800312,0.658132331442085,0.028495285688718095,0.17965243458747865,0.9759999999999998,0.00489897948556636,100.0,0.9666899800300598,0.03926793441375699,0.009941546752591563,27.020707053917334,7.591116731460393,0.0,0.0,7000.0,0.0,5,1.0007404840289484,0.00026318377892971874,1.0010836683928959,0.00028466494736327806,39.362318735053066,0.6747527837753295,0.8216492891311645,107.75018343925476
main,d_asym,1.0,5,0.41392003319404297,0.03042471843625653,0.4154737556989876,0.7201168981084607,0.03874674938758756,0.16960695385932922,0.966,0.013564659966250522,100.0,0.9620099782943725,0.043797453765901315,0.011159817613388984,60.983859679782334,17.524847063782094,0.0,0.0,7000.0,0.0,5,1.0010168240913206,0.00025195898839147537,1.0014489423273905,0.00022629489613132365,86.51671687270422,0.9382559776306152,0.9580384254455566,104.49743766784668
main,b_cap,0.1,5,0.39444466245467674,0.04620904217382267,0.42688880986871885,0.7016699858982952,0.054705781662417956,0.1860271453857422,0.9540000000000001,0.016248076809271893,100.0,0.949839985370636,0.04705167972596582,0.012041781028859277,62.06350127944912,20.938741715530362,0.0,0.0,7000.0,0.0,5,1.000636967770642,0.00014975319600569667,1.0007988266427215,0.00021636072131638569,39.602290813185185,0.8780192255973815,1.162613582611084,107.1399658203125
main,c_eikonal,0.1,5,0.4521941447937988,0.0659160460567725,0.44734285915536975,0.7626413103536306,0.061796970987767756,0.22189036905765533,0.952,0.026381811916545816,100.0,0.9617999792098999,0.05416716305772481,0.013896077238484347,72.68464778455557,13.01490765177572,0.0,0.0,7000.0,0.0,5,1.0008884010704964,0.0001713976232437565,1.0011484263113863,0.0003730695134543136,72.6088127010111,1.037118172645569,1.2012516498565673,101.62300720214844
main,e_interp,1.0,5,0.4564091441415413,0.06754078828168879,0.4546904197121423,0.7922857417630869,0.06845377933681251,0.2010116308927536,0.96,0.010954451150103291,100.0,0.9543499827384949,0.048669770111904244,0.012355670910686354,110.58437076851101,28.02474358010688,0.0,0.0,7000.0,0.0,5,1.0006300326041613,0.00013732868973257684,1.0008299494784132,0.0003584121781518331,112.49325162155893,0.9717347264289856,1.0578953504562378,113.42303676605225
main,d_asym,0.1,5,0.45805797899463274,0.1048665231408353,0.4564211493666224,0.7722557574766498,0.09665500975607612,0.21862274706363677,0.9640000000000001,0.014966629547095742,100.0,0.9550399661064148,0.043072556034565807,0.011007891822882558,83.23557545493009,22.280593519218105,0.0,0.0,7000.0,0.0,5,1.0007506273602473,0.00019472895954471817,1.0009927880515417,0.0009684333768858551,46.3839082302221,0.908060348033905,1.0957704782485962,106.13051686286926
main,e_interp,0.1,5,0.46521571481864726,0.04378309499446036,0.47072320540655144,0.8125337500092824,0.04475827184655083,0.22281093299388885,0.952,0.02315167380558042,100.0,0.933899974822998,0.04570025911080393,0.011738642439598315,135.69113263263986,19.780430700066123,0.0,0.0,7000.0,0.0,5,1.0005813709038267,9.742988887484315e-05,1.0006818233475587,0.0005068757288831675,132.40593437039078,2.0308229684829713,1.7970824003219605,98.30082855224609
main,c_eikonal,1.0,5,0.456955019633955,0.07843613569273075,0.47147226213184257,0.7619973066586657,0.08107548510531125,0.22457002997398376,0.9480000000000001,0.026381811916545806,100.0,0.9582899689674378,0.06084137279008741,0.015531547779723445,59.63487826266612,29.563922782115043,0.0,0.0,7000.0,0.0,5,1.0015784493296795,0.0010184871183439026,1.0034033943906715,0.000582460496004087,76.6360391544751,0.9930982947349548,1.0158370733261108,99.98683242797851
main,e_interp,0.02,5,0.5010482332721802,0.07228481923475458,0.5072405709466734,0.8878305593176549,0.04807078705318417,0.24422906041145326,0.9540000000000001,0.018547236990991374,100.0,0.8768099784851074,0.04585053636507206,0.011837114317625857,234.29877122899765,26.659286828279235,0.0,0.0,7000.0,0.0,5,1.0011059809357474,0.0002205514858767558,1.0014409447957335,0.0007312128329351754,646.0452882630976,5.545205593109131,4.181753444671631,85.82999815940858
main,a_r1r2,0.02,5,0.6305067021490598,0.15077537957124879,0.5637598420461888,0.8896289596094029,0.11975711057110087,0.3418022245168686,0.858,0.058103356185335804,98.2,0.9401899814605713,0.12031787663045752,0.03329111736040786,50.465302699277224,23.143970859789988,0.0,0.0,7000.0,0.0,5,1.0007592827969716,0.0002513152526301266,1.0011495641081551,0.00019280183265797232,36.28374240708478,0.5590781152248383,1.0275137662887572,107.54407835006714
main,b_cap,0.02,5,0.5764363028900819,0.07212871330971989,0.5652764548145722,0.8979522573903452,0.060442359796533604,0.3156918525695801,0.9339999999999999,0.0332264954516723,100.0,0.9238699674606323,0.059650440353974654,0.015339241822284338,130.53541771854125,13.711760129019282,0.0,0.0,7000.0,0.0,5,1.000786606055302,0.00017165889287411496,1.0010902558284194,0.00046353771225711047,23.505242669767874,1.237482476234436,1.6359339475631713,109.79886107444763
main,e_interp,0.005,5,0.6187363759795905,0.046785664423415065,0.6146256438499723,1.0218439737037888,0.034042569051003446,0.31471934616565705,0.9400000000000001,0.023664319132398446,100.0,0.8147099733352661,0.06079581347105424,0.015378173720534368,342.1929165257208,55.058554680972335,0.0,0.0,7000.0,0.0,5,1.0019157408856423,0.00030346801412390126,1.0024081419374202,0.0006425395535455492,2277.7698619776734,11.860395050048828,8.656792068481446,86.50342597961426
main,d_asym,0.02,5,1.1244768988926146,1.1317832532377277,0.6259265857625723,1.5004438445603245,1.2091028508902935,0.648547837138176,0.8019999999999999,0.27730128019899225,85.0,0.924839973449707,0.35606995276948145,0.09168985249783099,155.58329387122743,21.00045114657913,0.0,0.0,7000.0,0.0,5,1.0007778349269139,0.00022338168104887093,1.001134251866396,0.0005328267788278597,23.347168120396912,1.2173978805541992,1.5560741901397706,104.5074692249298
main,c_eikonal,0.02,5,0.7474469442404932,0.16919351255347945,0.746678871787604,1.0577910846031453,0.14323536926089112,0.41912925243377686,0.892,0.0503587132480567,99.8,0.9234999775886535,0.08234738442603964,0.021596460296374673,153.47528640740092,29.40411471631805,0.0,0.0,7000.0,0.0,5,1.0008983934361155,0.00021281723079319013,1.0012611954366393,0.0006011674243969854,34.39471081472561,1.3068178176879883,1.6258923768997193,102.71812825202942
main,a_r1r2,0.005,5,1.48856330060908,1.0045066355094765,0.8947341805592608,1.873846442686886,1.0689741827103476,0.8497659921646118,0.7120000000000001,0.25623426780975256,82.6,0.887939989566803,0.4602853578516588,0.11759878952216234,249.2415481939057,59.533576878015595,0.0,0.0,7000.0,0.0,5,1.0010708936693504,0.0002760377750819944,1.0014598892585347,0.0004227581777941561,7.468701590675648,1.3355708241462707,1.901077389717102,106.76452918052674
main,c_eikonal,0.005,5,1.2968225659297035,0.505995274575819,1.14449172111074,1.7217824110650473,0.5684978084578051,0.7565030753612518,0.744,0.1751113931187803,83.6,0.8739399790763855,0.3816722946493332,0.10206369647182671,316.60452957364,29.881793271912986,0.0,0.0,7000.0,0.0,5,1.001353478563405,0.0003216981668790152,1.0018204615926143,0.0004968161219108241,19.717727741559536,2.173892545700073,3.030521011352539,104.35660705566406
main,d_asym,0.005,5,1.7852803399901511,0.8848966542860083,1.328097084996976,2.2238131977733926,0.9760282942931265,1.0543808102607728,0.594,0.22729716232280597,68.0,0.8508099794387818,0.6905325454725546,0.1815190394876458,231.00946076805272,19.630158911806898,0.0,0.0,7000.0,0.0,5,1.001335829443098,0.00018504760798899368,1.001527915925998,0.004288262460114275,67.11864290131777,1.9286110162734986,2.8324469089508058,102.87812142372131
main,b_cap,0.005,5,1.7945015042062031,0.8902101784544669,1.4953175658941562,2.220242065432667,0.9822776042564002,1.0573237121105195,0.5960000000000001,0.2610440575841557,69.0,0.8914599776268005,0.7006973913094804,0.18243185484392527,224.08235884191998,86.26698724598859,0.0,0.0,7000.0,0.0,5,1.0015822288474634,0.0005763478691159197,1.002573176118479,0.00041885582183159994,8.908805288993142,1.7639758467674256,2.396228003501892,113.23813338279724
main,f_none,0.0,5,2.0983285723405407,0.6230212326802873,1.9804328845860728,2.5683227934006387,0.6663672189602752,1.0854790806770325,0.34400000000000003,0.23363218956299664,47.4,0.8985499978065491,1.4339550827907073,0.329300115781945,222.99957896986058,242.71428663881755,0.0,0.0,7000.0,0.0,5,1.0545312092548547,0.051808251320329346,1.1509438820368005,0.00022155516818633553,36.27493520361203,18.943161010742188,43.94368085861206,81.09997925758361
lazy16,b_cap,1.0,5,0.44250670149775245,0.06785742151119536,0.4297400517192382,0.7280083456135149,0.05891013370905769,0.2130931794643402,0.9480000000000001,0.033105890714493685,100.0,0.9600399732589722,0.05693646541816644,0.01467470938783404,39.805923031670766,9.285426864494825,0.0,0.0,7000.0,0.0,5,1.0005328677092318,5.447571546558057e-05,1.000604815476032,0.00029314030578164756,40.27129682983524,0.5771822333335876,0.6658122539520264,113.22606592178344
lazy16,c_eikonal,0.1,5,0.4459302074931741,0.02898628354402595,0.4548428166087693,0.757316791316317,0.028559163058554198,0.2066318690776825,0.938,0.02039607805437111,100.0,0.9602499723434448,0.05386056363069787,0.013841258790585172,79.80026589187774,26.193186785515216,0.0,0.0,7000.0,0.0,5,1.000861985097678,0.00015328319924304442,1.001046815463287,0.00042216831935281237,120.94187272917154,0.9170616269111633,0.9680113792419434,167.4883170604706
c16th,b_cap,1.0,5,0.47219341286995026,0.09894699741789931,0.4370854961210244,0.7753726664062871,0.07823367762016831,0.23465638160705565,0.9480000000000001,0.011661903789690564,100.0,0.9462699890136719,0.04883264736444047,0.012605337318156764,79.84090730528327,6.800557853087731,0.0,0.0,7000.0,0.0,5,1.0009504568348362,0.00029104540267331307,1.001421568170827,0.0001620877279090907,36.74690636349315,0.8992937684059144,1.2373862266540527,160.53013968467712
c16th,c_eikonal,0.1,5,1.0127326703244082,0.425455283196568,0.8270559456577257,1.354990778673868,0.3645961010667274,0.5744665056467056,0.8480000000000001,0.07626270385975048,99.2,0.8716999769210816,0.12325978696145427,0.03171056470955581,347.6519004801887,88.34040885667694,0.0,0.0,7000.0,0.0,5,1.0015020983036202,0.00034473178388094895,1.0020505004565117,0.0006922918218366673,44.52211473226845,2.2519253730773925,2.742172050476074,276.4541741371155
lr0p5,a_r1r2,1.0,5,0.21367161486061229,0.025906968235184576,0.20135354468292999,0.3895178644902304,0.03823161402054907,0.05818523541092872,1.0,0.0,100.0,0.5623899817466735,0.008639680062452049,0.002168314538120667,24.04937938607064,0.8430025100558532,0.0,0.0,6840.0,320.0,4,1.0000573446634797,2.633157530232094e-05,1.0001052862040336,0.0003612481881456165,0.48504454702227096,0.04274478852748871,0.061112212389707564,210.6614155292511
lr0p5,b_cap,1.0,5,0.40341579813273365,0.04864698667240985,0.4193981036327024,0.7014912780001468,0.052060465211716395,0.1973807543516159,0.97,0.024494897427831768,100.0,0.9311299681663513,0.04446305548936351,0.011246265148820897,59.23987457344565,12.659904954805025,0.0,0.0,7000.0,0.0,5,1.0003573026283714,0.00013281169520482113,1.0006176913481604,0.00017374203535807254,5.188191341728215,0.5487167477607727,0.5187213182449341,258.3517913341522
lr0p5,a_r1r2,0.1,5,0.44024109603965006,0.05499628867536664,0.42597797315407626,0.7080802480504068,0.04829051481841742,0.23688677847385406,0.9359999999999999,0.01743559577416268,100.0,0.9090699791908264,0.05645670982671902,0.01445116945065924,19.250387336070435,4.248585734342885,0.0,0.0,7000.0,0.0,5,1.000245563029281,6.83471082815967e-05,1.0003654134359108,0.0001799394204156841,3.1845651436882156,0.22828926146030426,0.3013681352138519,198.29033756256104
lr0p5,d_asym,1.0,5,0.46845500735033996,0.020846019984763247,0.4731907312684134,0.7861645588983948,0.05011709992660383,0.2008691519498825,0.942,0.007483314773547889,100.0,0.9139399647712707,0.04924248754039966,0.01259203007794391,98.2328475235272,44.99319911476891,0.0,0.0,7000.0,0.0,5,1.0004747242760654,7.407115935101553e-05,1.0006069944388145,0.0002699429167515316,42.813016354215776,0.9487029910087585,0.930359709262848,191.42497763633727
lr0p5,c_eikonal,0.1,5,0.5061430441328689,0.07314876162646972,0.49057860213950605,0.8268614343355261,0.07352196210613242,0.2239701271057129,0.9119999999999999,0.035440090293338694,99.8,0.9301599860191345,0.07151922903893194,0.018913705725637338,90.13401115389311,25.70466634158105,0.0,0.0,7000.0,0.0,5,1.0004196236621676,2.37193171600535e-05,1.0004558163437214,0.00015249730785433076,39.95724815479093,1.0260438919067383,1.018921673297882,197.3427522659302
lr2p0,a_r1r2,0.3,5,0.1899141339350957,0.03604735352698997,0.1661059895154909,0.419678952142427,0.0431400792020802,0.0551877073943615,1.0,0.0,100.0,0.8414899706840515,0.010434765206858779,0.0026259768651838676,8.42465701172137,1.0850253056994237,0.0,0.0,6580.0,840.0,4,1.0003269429828732,0.00017178696580363056,1.0005285264812176,0.00022452983183599728,1.0267234505840404,0.11820966154336929,0.26285136938095094,164.75672588348388
lr2p0,a_r1r2,1.0,5,0.1991066190235377,0.020199893423077767,0.19334594774530267,0.38222230081836417,0.028604247443559414,0.04377353265881538,1.0,0.0,100.0,0.5381499767303467,0.011569912625715545,0.0029141341255634686,18.712292716174254,1.7888409916973493,0.0,0.0,6660.0,680.0,4,1.0001488019750013,4.209071347453578e-05,1.000211987078043,0.00047440504392353143,1.3814655594846488,0.04228929132223129,0.09227539151906967,192.19815349578857
lr2p0,a_r1r2,0.1,5,0.26078922167416574,0.04052990648555718,0.2420808876262505,0.5281726810652287,0.040887247982080904,0.12703965306282045,1.0,0.0,100.0,0.9426999807357788,0.021171523455089294,0.0052809039809933785,14.34522724016296,2.2156406396624058,0.0,0.0,7000.0,0.0,5,1.0007281605368266,0.0001591871412585345,1.0009789824549846,0.0001479097905850236,4.745700317354174,0.2720664322376251,0.5248290598392487,200.2862310409546
lr2p0,b_cap,1.0,5,0.2900779107182494,0.02400779972447723,0.28862513847713817,0.5734316048295084,0.01829880984549221,0.13964444100856782,0.998,0.0040000000000000036,100.0,0.9864499688148498,0.032119880524018596,0.007992287373562789,17.726002849973774,5.023854367559435,0.0,0.0,7000.0,0.0,5,1.0018418078242068,0.001427824450117812,1.0046371519978692,0.0004464301166689017,315.2053307818232,0.8065623283386231,0.9528561949729919,307.13885684013366
lr2p0,d_asym,1.0,5,0.33772719237431115,0.032776548800387474,0.33998480462197067,0.6271386156265562,0.02879609256806369,0.1742911159992218,0.9960000000000001,0.00489897948556636,100.0,0.9859199762344361,0.03701710289222319,0.009230892162539504,21.871909837079393,3.8389984222996456,0.0,0.0,7000.0,0.0,5,1.0014829678040194,0.0005244694230056387,1.0024622835884731,0.0010607663560744897,345.0886096882291,0.9185879349708557,1.0016640663146972,168.47171559333802
lr2p0,c_eikonal,0.1,5,0.41427069661342875,0.04090017245100569,0.40124204623173443,0.7000241686582023,0.040981451866570325,0.21504381597042083,0.984,0.016248076809271934,100.0,0.9527699708938598,0.043129174266283384,0.010873272914184079,42.82186059360699,6.9770223767145945,0.0,0.0,7000.0,0.0,5,1.0015330048613393,0.0005627272790274988,1.0023206337639508,0.0013006867800706137,318.3515110557729,1.136509394645691,1.3789852619171143,188.69683475494384
