offset,step,support_modes,max_particle_dist,logit_gap,paired_margin,grad_ratio_d_over_g
0,1,0,2.9136,0.0559,0.0319,13.773
0,6,0,2.8520,0.0185,0.0102,17.065
0,11,0,2.8745,0.3110,0.1320,6.520
0,16,0,3.2957,-0.0926,-0.0404,13.528
0,21,0,2.8659,0.3186,0.0904,18.554
0,26,0,3.8764,0.1813,0.1202,3.729
0,31,0,3.3819,0.0227,0.0295,2.692
0,36,1,3.2950,0.0177,0.0283,4.631
0,41,1,2.7587,0.0616,0.0460,3.630
0,46,0,2.6235,0.1457,0.0271,2.074
0,51,0,2.4003,0.0553,0.0563,3.619
0,56,1,2.6701,0.0721,0.0729,7.412
0,61,0,5.7462,-0.1840,0.0905,3.459
0,66,1,3.1154,0.0373,0.0220,3.658
0,71,0,2.6329,-0.0119,0.0105,3.275
0,76,0,2.0730,-0.0284,0.0741,0.960
0,81,1,1.8256,0.0530,0.0107,6.396
0,86,1,4.3863,0.0463,0.0427,1.264
0,91,1,1.6227,0.0178,0.0607,2.754
0,96,1,1.6870,0.0282,0.0481,2.439
0,101,0,1.3841,-0.0153,0.0763,2.332
0,106,0,2.3418,-0.0643,0.0764,4.743
0,111,2,1.2928,0.1008,0.1398,4.603
0,116,0,2.1274,0.1724,0.1904,1.354
0,121,0,2.7497,0.1170,0.1605,6.789
0,126,0,2.1561,0.1131,0.1389,4.944
0,131,1,1.9871,0.1778,0.2042,3.935
0,136,1,1.8688,0.4589,0.1181,7.634
0,141,0,2.8887,0.0263,0.0736,2.162
0,146,0,2.4977,-0.0802,0.0473,4.916
0,151,0,1.9183,-0.3236,0.2130,3.028
0,156,2,1.9854,-0.0356,0.0950,5.234
0,161,0,3.9861,-0.2327,0.0917,5.001
0,166,0,4.5372,0.1363,0.2017,3.075
0,171,1,5.3392,-0.0626,0.1384,3.162
0,176,0,18.4023,-0.3804,0.2756,1.718
0,181,1,4.8940,-0.0199,0.1914,2.802
0,186,1,2.2514,0.1000,0.1560,3.333
0,191,0,2.1675,-0.0086,0.1397,3.589
0,196,0,2.9577,0.0870,0.2257,2.915
0,201,1,3.1632,0.2968,0.3090,1.522
0,206,0,2.4787,0.0172,0.2207,5.022
0,211,0,2.4373,-0.1523,0.1164,5.154
0,216,0,2.9141,0.0796,0.1491,2.358
0,221,1,2.2585,0.0498,0.1930,2.673
0,226,0,2.8423,-0.2082,0.1724,4.702
0,231,0,2.5171,0.0363,0.2228,2.044
0,236,0,3.2851,-0.0048,0.2227,1.943
0,241,0,2.1605,0.0037,0.1346,6.789
0,246,1,2.0911,0.0634,0.2509,3.767
0,251,1,1.9112,0.0159,0.4049,2.798
0,256,2,1.9842,0.0709,0.1534,8.164
0,261,0,2.0738,-0.0516,0.4778,4.318
0,266,0,1.7132,0.3665,0.2163,5.087
0,271,0,1.9469,0.2830,0.2325,2.804
0,276,1,2.1193,0.0591,0.1728,4.734
0,281,1,1.7022,0.2040,0.1635,4.443
0,286,2,1.8572,0.1786,0.1788,1.909
0,291,2,1.7334,0.1214,0.1510,3.250
0,296,1,2.0082,0.2542,0.1943,2.974
0,301,0,1.9158,0.2924,0.2232,2.164
0,306,0,2.4225,0.4005,0.4408,2.551
0,311,2,2.3588,0.0111,0.1946,3.494
0,316,4,2.5025,-0.1389,0.1362,8.227
0,321,3,4.0269,0.0111,0.1616,3.867
0,326,2,2.2108,0.0264,0.2006,4.031
0,331,3,1.8560,-0.0186,0.2503,5.224
0,336,0,1.2668,0.0104,0.2740,1.501
0,341,4,0.9347,0.2175,0.2189,4.546
0,346,3,1.2138,0.0021,0.3340,2.796
0,351,1,1.7877,0.0773,0.2727,1.804
0,356,2,1.2867,0.0491,0.1840,6.257
0,361,2,0.7819,0.1536,0.2841,1.699
0,366,3,0.5320,-0.0003,0.1829,6.346
0,371,6,0.8579,0.3801,0.3034,6.246
0,376,2,0.5473,0.3987,0.4072,5.100
0,381,1,1.6255,-0.0044,0.2377,3.292
0,386,1,1.3643,0.0684,0.2818,3.531
0,391,1,1.0189,0.6599,0.1210,4.079
0,396,5,0.8933,0.2617,0.2151,2.015
0,401,6,0.7631,0.5135,0.2477,7.619
0,406,6,0.6477,0.9750,0.3819,8.438
0,411,2,0.6991,1.3019,0.2124,4.306
0,416,2,0.5662,0.8103,0.3385,4.508
0,421,1,1.7510,0.4586,0.1117,6.410
0,426,5,0.4746,0.2339,0.2493,6.289
0,431,6,0.6628,0.9553,0.3048,5.338
0,436,4,0.9344,1.2540,0.3497,2.805
0,441,7,1.2414,1.4881,0.3201,8.324
0,446,2,1.5795,1.8646,0.4039,5.483
0,451,3,0.8451,1.1432,0.3700,5.585
0,456,0,1.4861,1.1173,0.3846,2.227
0,461,5,1.3037,1.4436,0.4113,4.408
0,466,5,1.1678,1.5126,0.3987,2.438
0,471,7,0.7531,1.7459,0.4127,4.914
0,476,0,1.4531,1.9410,0.6421,5.188
0,481,0,2.8215,-0.1588,0.2831,2.958
0,486,0,1.4167,0.2179,0.2308,5.956
0,491,3,1.1819,0.0811,0.0860,4.700
0,496,2,1.0586,0.0057,0.1012,3.498
0,501,0,1.7066,0.0271,0.2508,1.094
0,506,2,1.8738,0.0410,0.1311,7.231
0,511,6,1.1838,0.0203,0.1594,4.527
0,516,4,1.8680,0.0002,0.0911,13.005
0,521,7,1.4944,0.0010,0.1235,5.512
0,526,8,1.4185,0.0079,0.1703,8.537
0,531,6,1.7294,0.0003,0.1471,3.227
0,536,6,1.7161,0.0039,0.2135,4.596
0,541,6,2.2754,0.0071,0.1253,3.443
0,546,3,1.3660,-0.0020,0.1928,4.106
0,551,4,1.9882,0.0004,0.2092,1.653
0,556,6,1.6403,0.0112,0.2388,3.667
0,561,8,1.7407,0.0086,0.2261,3.535
0,566,8,1.6554,0.0059,0.1769,3.720
0,571,5,1.0644,-0.0050,0.1326,5.176
0,576,3,0.8428,0.0001,0.1157,4.809
0,581,3,0.4812,0.0070,0.1165,4.780
0,586,7,0.3455,0.0011,0.1338,12.627
0,591,8,0.3260,0.0093,0.2089,4.564
0,596,8,0.1851,0.0011,0.1680,10.571
0,601,8,0.1420,0.0002,0.2149,13.376
0,606,5,0.9634,0.0014,0.0686,13.867
0,611,7,0.9482,0.0069,0.1758,9.523
0,616,7,0.3507,0.0020,0.2534,2.425
0,621,8,0.2559,0.0004,0.1458,11.624
0,626,8,0.1460,0.0024,0.1845,8.958
0,631,8,0.2701,-0.0022,0.1455,6.396
0,636,6,0.4186,0.0004,0.1869,4.188
0,641,8,0.2411,-0.0008,0.1963,6.693
0,646,8,0.1681,0.0001,0.1132,9.559
0,651,8,0.2168,-0.0028,0.1173,8.272
0,656,8,0.1740,0.0024,0.1332,8.067
0,661,8,0.1267,0.0062,0.2121,6.668
0,666,8,0.3137,-0.0002,0.1530,11.362
0,671,8,0.2101,0.0056,0.2047,6.230
0,676,8,0.1938,0.0001,0.1905,10.257
0,681,8,0.1771,0.0022,0.1481,7.203
0,686,8,0.2377,-0.0043,0.1024,8.900
0,691,8,0.2269,0.0005,0.0672,7.793
0,696,8,0.1950,-0.0001,0.2319,13.958
0,701,1,0.6206,-0.0055,0.1659,2.850
0,706,1,1.3563,-0.0399,0.1464,2.440
0,711,6,0.8584,0.0018,0.1195,3.160
0,716,7,0.3398,0.0041,0.1605,9.864
0,721,5,0.3778,0.0033,0.1850,12.684
0,726,8,0.1624,0.0020,0.1530,1.451
0,731,7,0.4041,0.0019,0.0378,8.911
0,736,6,0.9768,0.0014,0.1235,11.586
0,741,6,1.1612,0.1290,0.1793,8.295
0,746,4,1.7192,0.1580,0.2737,5.587
0,751,0,1.7128,0.6239,0.0845,50.607
0,756,1,2.3076,0.0149,0.1060,7.015
0,761,4,1.8526,-0.0008,0.1850,3.179
0,766,4,1.9152,0.1777,0.3125,4.498
0,771,0,2.7709,0.7351,0.4256,4.154
0,776,1,1.8321,0.3155,0.1245,13.442
0,781,2,1.4939,0.4023,0.1504,2.666
0,786,2,2.3784,0.2258,0.1582,5.886
0,791,3,2.2646,1.0249,0.2101,3.924
0,796,2,2.3710,0.6307,0.1198,4.929
0,801,1,2.1690,0.6687,0.2725,19.819
0,806,3,1.4725,0.0819,0.0691,3.557
0,811,2,1.2283,0.0066,0.0167,9.232
0,816,5,0.9631,0.1175,0.1247,3.886
0,821,4,0.8627,0.2324,0.0737,6.514
0,826,4,0.8458,0.0195,0.1150,2.067
0,831,5,0.9171,0.0040,0.1054,5.172
0,836,4,1.1072,-0.0009,0.0588,2.940
0,841,5,0.8283,0.0010,0.0934,6.239
0,846,4,0.5535,0.0417,0.0839,5.651
0,851,5,1.0003,0.0108,0.2699,4.236
0,856,8,0.1891,0.0034,0.1626,4.589
0,861,8,0.3580,0.0004,0.0947,6.045
0,866,1,1.2027,0.0010,0.2361,4.206
0,871,8,0.5434,0.0006,0.1259,5.222
0,876,5,1.0081,0.0044,0.1412,9.721
0,881,5,0.8825,0.0040,0.1799,2.040
0,886,8,0.6235,-0.0001,0.1678,5.509
0,891,8,0.2283,-0.0016,0.0586,8.522
0,896,8,0.3469,-0.0002,0.0875,4.772
0,901,8,0.2221,0.0022,0.1836,9.062
0,906,8,0.4736,0.0015,0.1588,9.577
0,911,8,0.2618,-0.0013,0.1311,9.122
0,916,8,0.5146,0.0014,0.1544,12.577
0,921,7,0.3061,-0.0002,0.1599,3.032
0,926,6,0.7323,0.0052,0.2572,4.003
0,931,6,0.4208,0.0006,0.1423,3.655
0,936,3,0.9261,0.0086,0.2205,3.409
0,941,8,0.4293,0.0031,0.1347,5.648
0,946,8,0.2413,0.0044,0.1798,8.558
0,951,8,0.3643,-0.0026,0.2345,16.964
0,956,8,0.3051,-0.0012,0.1832,9.375
0,961,8,0.1871,0.0006,0.1160,6.988
0,966,8,0.1935,0.0012,0.1729,15.259
0,971,8,0.2190,0.0051,0.1856,7.618
0,976,8,0.3834,0.0040,0.2395,5.116
0,981,8,0.1581,-0.0001,0.1469,10.723
0,986,8,0.1370,0.0021,0.1746,12.952
0,991,8,0.3173,0.0010,0.3148,25.724
0,996,8,0.1841,0.0040,0.0526,14.435
0,1001,8,0.1935,0.0026,0.2298,6.989
0,1006,8,0.1337,0.0028,0.2508,14.413
0,1011,8,0.1275,0.0012,0.2699,23.078
0,1016,8,0.6067,0.0049,0.1485,3.037
0,1021,8,0.2469,-0.0031,0.0836,16.654
0,1026,8,0.1706,0.0020,0.2041,6.697
0,1031,8,0.1169,0.0007,0.2236,11.521
0,1036,8,0.2521,0.0017,0.3828,32.971
0,1041,8,0.1724,0.0026,0.2160,12.915
0,1046,8,0.1283,0.0011,0.2259,31.462
0,1051,8,0.1304,0.0008,0.1023,26.628
0,1056,8,0.1260,0.0032,0.2169,19.425
0,1061,8,0.1309,0.0023,0.2481,20.094
0,1066,8,0.1234,0.0009,0.1248,21.341
0,1071,8,0.1054,0.0007,0.3009,41.276
0,1076,8,0.1408,0.0003,0.1883,12.077
0,1081,8,0.1131,0.0011,0.2283,94.578
0,1086,8,0.1266,0.0014,0.2071,16.867
0,1091,8,0.1348,0.0005,0.1899,58.941
0,1096,8,0.1095,0.0008,0.0586,75.164
0,1101,8,0.1071,0.0008,0.2251,40.841
0,1106,8,0.1131,0.0004,0.2240,28.629
0,1111,8,0.1216,0.0060,0.2205,78.255
0,1116,8,0.1239,0.0008,0.1280,37.519
0,1121,8,0.1221,0.0018,0.2174,15.453
0,1126,8,0.1150,0.0011,0.1648,47.732
0,1131,8,0.1128,0.0020,0.1449,39.214
0,1136,8,0.1093,0.0033,0.1931,22.844
0,1141,8,0.1040,0.0014,0.1582,52.350
0,1146,8,0.1001,0.0018,0.2253,50.553
0,1151,8,0.0967,0.0025,0.2371,63.684
0,1156,8,0.0996,0.0008,0.1888,19.222
0,1161,8,0.1074,0.0010,0.1246,59.107
0,1166,8,0.1095,0.0019,0.1230,35.106
0,1171,8,0.1130,0.0027,0.2599,27.823
0,1176,8,0.1157,0.0012,0.1541,64.442
0,1181,8,0.1183,0.0017,0.1923,22.514
0,1186,8,0.1176,0.0017,0.1917,29.487
0,1191,8,0.1190,0.0026,0.2044,17.220
0,1196,8,0.1190,0.0019,0.1383,20.059
101,1,0,2.9110,0.0442,0.0253,19.685
101,6,0,2.8659,0.0056,0.0218,4.718
101,11,0,2.9500,0.0246,0.0382,13.971
101,16,0,4.5701,0.2965,0.0843,32.584
101,21,0,2.8399,0.1564,0.0441,20.524
101,26,0,2.9984,0.1262,0.0669,7.192
101,31,0,4.6519,-0.0430,0.0226,4.116
101,36,0,3.1382,-0.0528,0.0352,6.240
101,41,0,3.2764,-0.0090,0.0744,2.540
101,46,0,2.6185,-0.0701,0.0377,3.498
101,51,0,2.5076,0.3132,0.0936,3.291
101,56,0,4.9852,0.0358,0.1127,2.537
101,61,0,3.4434,0.0296,0.0801,2.059
101,66,0,3.0739,0.1619,0.1683,5.085
101,71,0,3.2712,0.2954,0.1849,2.026
101,76,0,2.6480,0.1718,0.0582,3.070
101,81,1,2.7177,-0.0540,0.0134,5.712
101,86,0,2.8894,0.1487,0.0342,5.230
101,91,1,2.5049,0.0003,0.0315,3.118
101,96,1,3.1781,0.0775,0.0961,2.088
101,101,0,3.6612,0.0620,0.1141,1.758
101,106,0,6.6457,-0.2449,0.2950,1.375
101,111,0,2.5440,-0.1521,0.0607,3.003
101,116,1,3.9907,0.1327,0.1038,2.672
101,121,0,2.3729,-0.1615,0.1502,2.403
101,126,0,2.2612,0.4702,0.2407,6.180
101,131,0,2.2161,0.1693,0.1421,3.531
101,136,0,2.4049,-0.0655,0.0536,7.373
101,141,2,2.4652,0.2122,0.1628,2.707
101,146,0,2.7310,0.1544,0.2047,5.479
101,151,0,2.7215,0.0128,0.1928,3.667
101,156,1,4.2019,0.0197,0.2201,4.906
101,161,0,2.9077,-0.1524,0.0662,7.083
101,166,1,2.2151,0.1989,0.1002,4.822
101,171,1,3.9016,0.3778,0.1556,2.650
101,176,0,2.5783,0.0653,0.1024,1.498
101,181,0,2.2038,0.1694,0.0884,2.651
101,186,2,2.8971,0.2764,0.1490,3.232
101,191,3,1.8991,0.2605,0.1849,1.104
101,196,1,2.3066,-0.0177,0.0293,4.796
101,201,2,2.3266,0.1792,0.0909,3.730
101,206,3,2.3479,0.2717,0.1593,6.586
101,211,0,2.4063,0.1149,0.1853,2.609
101,216,0,2.2186,0.3328,0.1876,2.005
101,221,0,2.7950,0.1601,0.1379,5.720
101,226,0,2.2148,0.1607,0.1217,8.913
101,231,1,2.1089,0.3996,0.2375,9.757
101,236,1,2.2460,0.0720,0.1269,4.626
101,241,0,2.0686,0.3566,0.2369,2.291
101,246,3,2.1883,0.5154,0.1799,5.251
101,251,2,2.2805,0.8872,0.2134,7.546
101,256,4,2.2832,0.3574,0.1221,3.203
101,261,0,2.2453,0.8149,0.2220,7.074
101,266,2,2.1196,0.3795,0.1979,7.616
101,271,3,2.1311,1.0321,0.3028,3.101
101,276,1,2.2144,1.0040,0.3776,3.977
101,281,3,2.1757,0.6488,0.2133,4.321
101,286,1,2.0588,0.8833,0.2818,3.300
101,291,1,1.9731,0.2489,0.3965,1.839
101,296,1,1.9524,0.7411,0.2418,3.390
101,301,2,2.1797,0.2908,0.1524,1.738
101,306,0,2.1417,0.8768,0.2798,1.259
101,311,4,1.9761,0.6419,0.1834,4.574
101,316,4,2.1410,1.1703,0.3696,3.658
101,321,0,2.1430,1.2796,0.3963,2.793
101,326,0,1.8410,1.1582,0.3200,2.458
101,331,1,3.0354,0.4989,0.1329,3.073
101,336,0,1.8340,0.8060,0.3491,10.402
101,341,0,1.2849,0.4019,0.3259,1.483
101,346,5,1.7247,0.0570,0.1316,3.384
101,351,4,1.7343,0.1713,0.1327,3.990
101,356,0,1.5852,0.2751,0.1335,2.917
101,361,4,1.5502,0.1989,0.1506,8.668
101,366,4,1.5980,0.5408,0.1817,3.483
101,371,3,1.6456,0.5538,0.2389,3.924
101,376,0,1.6382,0.8280,0.3704,1.969
101,381,2,1.8629,0.0687,0.1474,3.069
101,386,1,1.6321,0.0581,0.1654,2.523
101,391,2,2.1849,-0.3325,0.1211,8.714
101,396,3,2.4258,-0.0847,0.0843,2.155
101,401,4,2.9412,0.0887,0.0886,4.718
101,406,2,3.2345,-0.0651,0.1364,4.228
101,411,1,2.7187,-0.9538,0.1731,15.630
101,416,2,2.5519,0.0261,0.1160,4.059
101,421,4,2.0204,-0.0422,0.0986,4.281
101,426,0,2.0494,0.2525,0.1754,2.180
101,431,5,2.4743,0.3829,0.2007,4.687
101,436,2,1.9949,0.1901,0.1534,7.674
101,441,1,1.9058,-0.2358,0.2235,7.513
101,446,3,1.6200,0.7847,0.2300,4.361
101,451,3,1.9260,0.5882,0.2447,3.790
101,456,1,2.1638,0.5498,0.2141,4.103
101,461,0,2.3047,0.5915,0.2874,4.765
101,466,1,2.0300,0.7110,0.1702,3.796
101,471,2,1.5016,0.6431,0.2311,3.886
101,476,3,1.0223,0.7824,0.2455,2.210
101,481,0,1.2734,0.9835,0.5319,0.928
101,486,1,1.8402,0.9726,0.3598,3.018
101,491,4,2.0047,0.3792,0.3144,5.552
101,496,3,1.9797,0.8184,0.2614,3.684
101,501,1,1.3399,0.7552,0.2667,3.081
101,506,3,1.3577,0.5976,0.3080,4.459
101,511,1,1.5796,0.3875,0.3087,2.183
101,516,4,1.9980,-0.0152,0.1735,6.230
101,521,2,2.7669,0.4216,0.1388,8.131
101,526,3,2.7851,0.0990,0.1499,5.319
101,531,2,2.7569,0.2404,0.2890,3.714
101,536,3,2.7048,0.0163,0.1591,6.520
101,541,6,2.6846,0.3191,0.2941,8.343
101,546,2,2.6403,0.6988,0.3316,4.852
101,551,5,2.6269,0.5391,0.2086,6.960
101,556,3,2.5031,0.6514,0.2636,5.121
101,561,6,2.5401,0.1134,0.1787,3.511
101,566,7,2.5459,0.4452,0.3445,7.606
101,571,1,2.5935,0.8974,0.2489,3.730
101,576,2,2.5836,0.0247,0.1032,2.341
101,581,1,2.6375,0.3198,0.1713,3.063
101,586,6,2.6335,0.4103,0.2380,4.754
101,591,2,2.6466,0.5219,0.3428,3.923
101,596,3,2.5654,0.8683,0.2971,2.711
101,601,3,2.4655,0.8613,0.2165,3.111
101,606,3,1.6238,0.9139,0.2008,9.935
101,611,1,2.0776,0.5647,0.2233,4.115
101,616,1,1.9370,0.4129,0.2185,7.343
101,621,2,2.5415,0.0273,0.2227,0.953
101,626,1,2.2715,0.1366,0.2038,4.631
101,631,1,3.1996,0.5305,0.3311,2.199
101,636,3,2.6925,0.4424,0.3188,4.173
101,641,3,2.9040,0.4399,0.2703,3.214
101,646,5,2.9038,0.4905,0.2370,5.843
101,651,4,2.8967,0.7322,0.1856,6.456
101,656,4,2.5572,0.7519,0.2478,4.276
101,661,1,2.0084,0.4335,0.1598,7.566
101,666,5,2.0801,0.7606,0.2883,10.194
101,671,1,1.9681,0.9676,0.3307,2.268
101,676,5,1.9304,0.8228,0.2839,6.835
101,681,2,1.7071,1.0782,0.2630,1.779
101,686,3,1.9942,1.0590,0.3100,3.505
101,691,0,1.9171,1.2423,0.3085,2.296
101,696,6,1.8261,0.9811,0.2884,7.317
101,701,2,1.9897,1.2870,0.4040,6.238
101,706,3,2.1757,1.3470,0.4375,2.091
101,711,3,3.8088,1.2684,0.4844,3.202
101,716,2,1.9904,0.5580,0.1934,1.920
101,721,0,1.9121,1.0168,0.3681,4.610
101,726,5,1.8190,0.5128,0.3307,8.943
101,731,2,1.6913,0.5397,0.2763,6.457
101,736,3,1.2513,0.1090,0.1569,5.514
101,741,5,1.0171,0.1710,0.2300,8.998
101,746,1,1.1378,-0.0071,0.0673,12.475
101,751,2,1.2843,0.0565,0.0844,9.203
101,756,4,1.0171,0.0046,0.0515,4.751
101,761,6,1.0281,-0.0040,0.0749,2.683
101,766,4,0.8476,0.2577,0.1033,5.970
101,771,4,0.9425,0.3508,0.0901,8.157
101,776,5,0.5190,0.3823,0.0562,8.737
101,781,6,0.6342,0.5915,0.1469,4.493
101,786,3,0.6861,0.3764,0.2245,3.686
101,791,6,0.6937,0.2942,0.0532,11.347
101,796,6,0.4487,0.8549,0.1414,3.945
101,801,2,1.1136,0.5474,0.1856,1.840
101,806,5,0.9677,0.0647,0.0484,9.681
101,811,6,0.9525,0.5467,0.1260,5.424
101,816,6,0.7611,0.6998,0.1780,3.910
101,821,6,0.7294,0.9759,0.1049,10.285
101,826,7,0.7151,0.8851,0.1425,4.670
101,831,3,1.8483,0.2355,0.1379,15.248
101,836,5,1.5689,1.1948,0.2886,3.499
101,841,4,1.5521,0.6260,0.1856,4.161
101,846,1,1.3014,1.1849,0.2152,5.363
101,851,3,0.8047,1.0135,0.2067,13.131
101,856,7,0.6416,1.6154,0.1750,3.480
101,861,5,0.4715,0.3258,0.1543,5.302
101,866,3,0.8995,2.1630,0.5091,3.223
101,871,5,0.8436,1.6062,0.2524,7.001
101,876,7,0.4435,2.1005,0.3659,3.367
101,881,7,0.1905,2.1332,0.3431,6.588
101,886,3,2.2339,0.3836,0.0840,5.363
101,891,4,1.3384,1.2346,0.3156,4.131
101,896,6,1.0009,1.5163,0.2937,6.110
101,901,5,0.8914,1.5871,0.2434,5.623
101,906,4,0.9667,2.3313,0.4093,6.239
101,911,5,0.6917,0.8617,0.2303,5.418
101,916,7,0.6933,1.6278,0.3248,6.092
101,921,7,0.7273,1.6419,0.3275,21.504
101,926,6,0.6527,1.1874,0.3463,16.183
101,931,7,0.3531,2.2959,0.3622,13.198
101,936,7,0.2660,1.8318,0.4474,13.007
101,941,7,0.2079,1.8764,0.3123,25.502
101,946,6,0.3729,2.0978,0.3246,8.013
101,951,7,0.1692,2.5191,0.4388,21.754
101,956,7,0.1647,2.5058,0.3605,15.839
101,961,7,0.1866,2.5308,0.3046,8.670
101,966,7,0.1573,2.8412,0.5481,8.700
101,971,7,0.1538,3.0440,0.3187,10.454
101,976,7,0.1860,2.9661,0.6209,15.397
101,981,7,0.1771,2.8610,0.3093,8.024
101,986,7,0.2409,2.8673,0.5268,9.150
101,991,7,0.1629,3.4533,0.4478,5.421
101,996,7,0.1198,3.3482,0.5178,16.428
101,1001,7,0.2410,3.0430,0.6230,7.750
101,1006,7,0.1856,3.1770,0.5959,8.992
101,1011,7,0.1043,3.3866,0.4362,14.017
101,1016,7,0.1474,3.4515,0.6542,35.571
101,1021,7,0.1419,3.4889,0.6473,11.134
101,1026,7,0.1095,3.4930,0.4521,14.703
101,1031,7,0.1045,3.5974,0.5862,9.239
101,1036,7,0.1227,3.6922,0.5655,12.257
101,1041,7,0.1451,3.5579,0.6483,15.660
101,1046,7,0.1170,3.3486,0.3979,10.957
101,1051,7,0.1136,3.3044,0.5828,29.582
101,1056,7,0.1220,3.3494,0.5014,31.516
101,1061,7,0.1146,3.4789,0.7929,16.316
101,1066,7,0.0977,3.6419,0.5728,18.869
101,1071,7,0.0999,3.7163,0.4516,26.813
101,1076,7,0.0897,3.9528,0.6244,14.278
101,1081,7,0.0988,3.6921,0.5689,23.500
101,1086,7,0.1012,3.8407,0.8260,32.565
101,1091,7,0.0979,3.9830,0.4836,28.267
101,1096,7,0.0929,3.8468,0.7264,23.452
101,1101,7,0.1000,3.8684,0.6557,20.315
101,1106,7,0.0956,3.8419,0.3705,43.700
101,1111,7,0.1101,3.8052,0.4825,16.685
101,1116,7,0.1006,3.9077,0.5507,20.538
101,1121,7,0.0950,3.8424,0.6769,22.951
101,1126,7,0.1031,3.8006,0.6910,61.521
101,1131,7,0.1092,3.9140,0.5508,67.679
101,1136,7,0.1054,4.0356,0.7849,14.719
101,1141,7,0.1023,4.0613,0.6814,77.115
101,1146,7,0.1046,4.0524,0.8187,29.609
101,1151,7,0.1061,4.0705,0.8505,27.647
101,1156,7,0.1065,3.9982,0.7330,19.652
101,1161,7,0.1068,3.9832,0.5595,70.917
101,1166,7,0.1062,4.0249,0.6605,183.333
101,1171,7,0.1058,4.0420,0.7494,68.600
101,1176,7,0.1047,4.0172,0.4914,117.600
101,1181,7,0.1031,4.0067,0.8298,32.138
101,1186,7,0.1016,4.0212,0.6066,46.519
101,1191,7,0.1002,4.0226,0.6020,13.449
101,1196,7,0.0991,4.0197,0.8779,44.879
202,1,0,2.9410,0.0543,0.0241,39.852
202,6,0,2.6861,-0.1162,-0.0372,16.546
202,11,0,4.0448,-0.1188,0.0021,33.480
202,16,0,6.9792,0.0895,0.0239,14.320
202,21,0,2.9281,0.0089,-0.0139,23.636
202,26,0,2.8948,0.0258,0.0299,2.392
202,31,0,4.6703,0.0784,0.0421,3.711
202,36,0,3.2941,0.1037,0.0249,6.216
202,41,0,5.7776,-0.1132,0.0482,3.010
202,46,0,2.6079,-0.0270,0.0420,4.165
202,51,0,2.6303,0.0401,-0.0197,10.506
202,56,0,3.3484,0.0472,0.0775,2.046
202,61,1,2.9521,0.1060,0.0557,3.480
202,66,1,2.8040,0.0528,0.0814,5.142
202,71,0,2.8366,-0.1878,0.0691,5.095
202,76,0,3.7182,-0.0228,0.0987,1.921
202,81,0,3.8680,-0.0535,0.0653,3.000
202,86,0,1.8527,0.2424,0.1116,2.925
202,91,0,1.6583,0.0036,0.0431,7.322
202,96,2,2.7746,-0.0748,0.0339,2.160
202,101,2,1.7210,-0.0290,0.0358,3.929
202,106,1,5.9964,0.1595,0.1339,1.305
202,111,1,2.3102,0.0933,0.1005,5.366
202,116,0,2.2981,0.0428,0.0848,5.499
202,121,0,3.6822,0.0273,0.1058,2.321
202,126,0,4.0498,-0.0928,0.1543,2.117
202,131,1,3.3841,-0.1760,0.1011,1.470
202,136,0,3.6829,0.1094,0.1172,1.833
202,141,0,3.5453,0.2517,0.1593,2.544
202,146,0,2.7694,0.5811,0.3593,1.306
202,151,0,6.3438,0.4744,0.1839,31.488
202,156,0,2.9382,-0.0822,0.0624,2.238
202,161,0,2.7507,0.1408,0.0830,1.742
202,166,1,2.3823,0.2915,0.1790,5.162
202,171,1,2.3307,0.3020,0.1900,4.826
202,176,2,4.7663,-0.1470,0.0885,2.939
202,181,2,5.8063,-0.0015,0.1095,7.754
202,186,0,3.3319,0.5717,0.2524,6.504
202,191,0,2.5303,0.0487,0.0560,4.361
202,196,0,3.2620,-0.1957,0.1468,3.389
202,201,0,2.6920,-0.0901,0.1840,2.231
202,206,1,3.3384,0.1366,0.1335,3.379
202,211,0,2.6646,0.1212,0.2183,4.015
202,216,0,4.1825,-0.0370,0.0964,6.086
202,221,0,4.3498,-0.1391,0.3066,3.568
202,226,1,2.6830,0.2199,0.1617,3.885
202,231,0,3.0000,0.2378,0.3188,2.526
202,236,0,2.5220,0.0300,0.1978,2.122
202,241,0,2.2573,0.6826,0.3431,4.670
202,246,1,3.3803,0.4568,0.3372,4.955
202,251,1,2.0330,0.2566,0.1986,2.906
202,256,1,2.1008,-0.0986,0.1615,4.796
202,261,0,2.3874,-0.0308,0.2467,6.071
202,266,0,2.6533,0.0293,0.2622,9.028
202,271,0,4.3874,0.2650,0.2660,2.562
202,276,0,2.6149,0.1378,0.2329,5.813
202,281,0,2.5604,0.0289,0.1755,4.442
202,286,0,2.3702,0.1761,0.2084,1.570
202,291,0,2.5354,0.0922,0.1843,5.198
202,296,0,2.7365,0.0247,0.2327,2.163
202,301,2,2.6863,0.4709,0.2545,1.829
202,306,4,1.9791,0.1585,0.2144,5.018
202,311,0,2.0552,0.2216,0.2135,2.862
202,316,3,1.1949,0.4244,0.1894,2.693
202,321,2,2.5356,0.4091,0.1919,2.690
202,326,2,1.7678,-0.1215,0.2366,3.996
202,331,0,1.5879,0.0646,0.1789,3.078
202,336,1,1.1244,0.5409,0.1708,2.799
202,341,0,1.2375,-0.1819,0.1038,11.858
202,346,0,1.0523,0.3445,0.2428,1.924
202,351,0,1.9387,0.7118,0.2687,1.479
202,356,0,1.5439,1.0649,0.3482,4.115
202,361,1,1.2165,0.2009,0.1736,2.882
202,366,2,1.2113,0.3363,0.2449,1.339
202,371,2,1.2768,0.5041,0.2401,2.970
202,376,0,1.5318,0.5377,0.4216,3.554
202,381,2,1.3227,0.6965,0.2825,4.122
202,386,3,1.3254,0.9503,0.3900,7.508
202,391,2,1.4998,0.5962,0.1671,7.542
202,396,0,1.4198,0.3817,0.2839,1.614
202,401,3,1.1038,0.9212,0.3196,6.354
202,406,1,1.2481,-0.0465,0.2159,4.434
202,411,2,1.4057,0.1738,0.1835,2.858
202,416,0,2.8761,0.7302,0.1882,5.954
202,421,3,2.0793,0.2620,0.1715,5.577
202,426,4,2.0972,0.5126,0.2810,3.207
202,431,3,1.5328,0.5712,0.4078,4.848
202,436,3,1.8794,0.6907,0.3545,3.433
202,441,3,0.9226,1.3798,0.4149,5.030
202,446,1,0.8394,0.4757,0.3803,2.902
202,451,0,2.2164,-0.0743,0.0762,5.252
202,456,0,2.4514,-0.0217,0.0982,14.310
202,461,1,2.3785,-0.0044,0.2016,4.296
202,466,2,2.1294,-0.0080,0.0599,1.980
202,471,2,2.1755,0.0377,0.1163,0.648
202,476,0,2.0973,-0.0811,0.0904,6.353
202,481,1,2.2023,-0.0339,0.1404,2.253
202,486,3,2.1539,-0.0305,0.1160,3.181
202,491,2,2.6494,-0.0800,0.3546,2.242
202,496,1,2.0456,-0.0081,0.2171,1.383
202,501,3,1.9317,-0.0439,0.2001,2.449
202,506,0,1.2425,0.0569,0.1313,6.160
202,511,1,1.0069,0.1718,0.2043,5.581
202,516,2,1.2547,0.4560,0.2813,4.671
202,521,1,3.1203,0.2450,0.2683,4.237
202,526,1,1.1672,-0.2867,0.5274,2.038
202,531,2,1.1415,0.4220,0.4137,4.169
202,536,2,0.8117,0.3382,0.3497,8.564
202,541,4,1.5299,0.5293,0.4401,5.678
202,546,0,0.9694,0.4314,0.4100,2.541
202,551,2,1.6045,0.9097,0.5248,2.487
202,556,2,1.2455,0.8361,0.2378,10.942
202,561,0,1.1596,0.3249,0.3400,3.214
202,566,2,2.3820,0.5518,0.3168,4.795
202,571,2,1.3524,0.2329,0.3350,3.132
202,576,1,1.3716,0.5849,0.3793,6.294
202,581,1,1.5565,0.2603,0.3607,2.630
202,586,2,1.4962,0.4176,0.2910,4.042
202,591,4,1.3651,1.0065,0.4118,1.814
202,596,4,1.4158,0.5963,0.2614,8.250
202,601,4,1.3287,0.5727,0.4110,7.423
202,606,2,1.1177,1.3609,0.3468,2.510
202,611,4,1.2978,0.9641,0.4009,4.020
202,616,4,1.5256,1.3000,0.3727,5.374
202,621,3,1.7061,1.5839,0.5036,7.119
202,626,5,1.5931,0.7024,0.3187,2.415
202,631,3,1.1460,1.5145,0.4560,7.096
202,636,2,2.1426,1.9523,0.5769,3.005
202,641,1,2.0397,0.2675,0.4387,6.385
202,646,2,1.8342,0.5215,0.2997,5.118
202,651,0,2.2008,0.9343,0.2941,2.538
202,656,1,1.5185,0.0686,0.3940,9.619
202,661,3,1.5661,-0.0571,0.2557,6.433
202,666,2,2.1393,0.0516,0.2617,10.190
202,671,2,2.1836,0.6617,0.3237,3.933
202,676,1,1.2060,-0.0840,0.2320,1.931
202,681,6,0.9610,0.0101,0.1832,12.716
202,686,6,1.0010,0.7639,0.3493,6.480
202,691,2,0.9957,0.9476,0.4582,3.850
202,696,2,1.1625,1.9244,0.5281,2.244
202,701,1,1.2195,0.3245,0.6461,10.123
202,706,1,2.3934,1.9844,0.4601,2.885
202,711,1,2.0419,1.4796,0.5344,4.859
202,716,0,2.8514,-0.2377,-0.1508,9.300
202,721,1,3.0208,-0.0568,0.2666,2.063
202,726,2,1.1039,0.0187,0.1959,3.332
202,731,3,0.9926,0.0439,0.1275,5.520
202,736,0,1.4835,0.1098,0.3261,1.808
202,741,2,1.8777,0.0343,0.2924,3.570
202,746,2,1.7587,0.0742,0.2470,4.108
202,751,4,0.7827,0.0974,0.2492,6.756
202,756,3,0.9917,0.3399,0.4697,3.697
202,761,4,0.9765,0.0416,0.3461,3.205
202,766,4,0.7678,0.8614,0.4169,5.229
202,771,1,1.5092,1.1888,0.5817,10.642
202,776,2,1.0534,1.0337,0.4407,3.645
202,781,1,1.0696,0.4148,0.4903,5.640
202,786,6,0.7947,1.1354,0.6420,2.409
202,791,5,1.1221,1.6979,0.6328,3.328
202,796,2,0.8438,0.0607,0.5209,2.097
202,801,0,2.1827,-0.0051,-0.1360,21.857
202,806,0,2.2849,0.2638,0.2480,4.340
202,811,0,2.0061,0.3657,0.1469,3.448
202,816,2,3.1015,0.3009,0.1115,4.960
202,821,4,2.1098,0.2578,0.1606,6.662
202,826,4,1.3028,0.7779,0.2646,4.046
202,831,1,1.4084,0.1084,0.2357,3.019
202,836,1,1.3803,1.7655,0.3045,3.333
202,841,2,1.1219,2.0454,0.3823,9.254
202,846,3,1.7247,1.8507,0.4412,5.587
202,851,3,1.1093,1.3315,0.5291,2.347
202,856,3,1.1215,1.7147,0.5502,2.738
202,861,0,0.8451,2.2258,0.4574,4.772
202,866,1,1.1744,1.8025,0.3117,8.302
202,871,1,1.1388,1.4021,0.5916,5.223
202,876,2,1.2878,1.7661,0.5414,5.880
202,881,3,0.8907,2.1188,0.7752,2.058
202,886,1,0.9660,2.2443,0.5642,11.265
202,891,3,1.1019,0.2413,0.3158,14.143
202,896,4,1.1765,0.8835,0.4970,8.441
202,901,3,0.8235,1.0121,0.5808,5.796
202,906,5,1.0074,1.4376,0.5746,3.580
202,911,5,1.0228,1.5650,0.7127,3.581
202,916,5,1.1379,1.9414,0.7185,3.533
202,921,4,0.7111,2.0309,0.8275,5.515
202,926,5,0.9635,1.9299,0.7189,4.132
202,931,4,0.8301,2.0185,0.6346,2.803
202,936,6,0.6624,1.8063,0.6980,5.101
202,941,4,0.7861,1.6936,0.8823,4.990
202,946,5,0.5785,2.2152,0.8150,1.741
202,951,6,0.4113,1.9873,0.7418,4.805
202,956,6,0.4382,2.8444,0.9418,5.460
202,961,6,0.8735,2.7905,0.8328,4.719
202,966,6,0.9025,2.7196,0.9267,2.559
202,971,6,0.9492,3.1644,1.2737,5.429
202,976,3,0.8183,3.5944,1.0722,3.306
202,981,4,0.7098,2.2514,0.8661,4.515
202,986,3,1.4678,3.1370,0.9087,5.280
202,991,5,1.1556,3.2610,1.1486,6.018
202,996,3,1.0627,3.0651,1.2019,3.550
202,1001,4,1.2601,2.8822,1.0731,5.529
202,1006,5,1.4411,2.9456,1.3365,5.351
202,1011,5,1.7210,2.7725,1.1006,8.568
202,1016,5,1.9329,3.1928,1.3247,12.915
202,1021,4,1.7932,3.3599,1.3291,7.724
202,1026,4,1.9744,3.0763,1.2199,6.524
202,1031,5,2.0806,3.0515,1.4123,8.802
202,1036,5,2.1256,3.5171,1.2801,7.542
202,1041,5,2.0240,3.8250,1.3833,6.378
202,1046,4,2.0486,3.3677,1.5258,6.873
202,1051,4,2.0466,3.3946,1.3199,7.849
202,1056,4,1.7316,3.6791,1.5531,8.011
202,1061,3,0.5281,3.6280,1.2001,3.826
202,1066,5,0.2528,3.6518,0.9419,10.188
202,1071,6,0.2271,3.6189,1.0456,4.478
202,1076,6,0.2111,3.5498,1.0464,9.131
202,1081,6,0.2307,3.7745,1.0723,12.267
202,1086,6,0.2287,3.7204,1.0515,6.654
202,1091,6,0.2612,3.5872,0.9723,11.758
202,1096,6,0.1958,3.8462,1.1137,14.637
202,1101,6,0.1951,3.9065,1.1817,13.177
202,1106,6,0.1501,3.8596,1.4100,9.949
202,1111,6,0.1857,4.0195,1.1792,7.710
202,1116,6,0.1916,3.8846,1.0292,17.942
202,1121,6,0.1723,3.9702,1.2642,14.459
202,1126,6,0.1686,3.8559,1.2163,17.367
202,1131,6,0.1739,3.9722,1.3055,28.050
202,1136,6,0.1677,4.0528,0.8695,18.689
202,1141,6,0.1631,4.0831,1.5989,27.319
202,1146,6,0.1420,3.9962,1.0236,50.330
202,1151,6,0.1437,4.0749,1.3198,10.698
202,1156,6,0.1415,4.0955,1.0215,13.728
202,1161,6,0.1413,4.0967,1.2082,24.785
202,1166,6,0.1449,4.0508,1.2437,26.019
202,1171,6,0.1477,4.0648,0.8983,42.190
202,1176,6,0.1492,4.0664,1.1936,14.458
202,1181,6,0.1503,4.0825,1.5530,28.724
202,1186,6,0.1478,4.1016,1.2410,25.701
202,1191,6,0.1450,4.1055,1.5082,39.416
202,1196,6,0.1436,4.1042,1.1514,32.050
303,1,0,2.9282,0.0555,0.0315,42.600
303,6,0,2.8846,0.0285,0.0209,6.652
303,11,0,2.8305,0.0312,0.0589,7.268
303,16,0,2.6660,0.2365,0.0625,39.076
303,21,0,2.6142,0.1914,0.0623,4.422
303,26,1,2.3128,-0.0011,0.0380,3.003
303,31,1,4.4581,-0.0377,0.0212,3.008
303,36,0,2.3508,0.0072,0.0225,3.134
303,41,0,2.0865,0.0552,0.0309,2.704
303,46,0,1.9385,0.0720,0.0493,4.537
303,51,1,2.1206,0.1085,0.0502,6.455
303,56,1,2.7093,0.0829,0.0798,2.012
303,61,0,4.5001,0.0090,0.0899,2.837
303,66,0,2.4437,0.0891,0.0710,2.907
303,71,0,2.3828,-0.1913,0.0267,3.496
303,76,0,2.8788,0.0603,0.0898,2.906
303,81,0,4.2299,0.1012,0.0606,3.536
303,86,0,3.2479,-0.0221,0.0134,5.209
303,91,1,1.9406,-0.0764,0.0380,4.653
303,96,2,2.0845,-0.0010,0.0967,2.407
303,101,1,2.0224,0.0250,0.0707,8.976
303,106,0,2.2873,0.0490,0.0946,1.646
303,111,0,2.1196,0.1346,0.1324,4.445
303,116,0,2.9433,0.0531,0.0843,1.088
303,121,0,1.8947,0.1674,0.1303,1.710
303,126,2,1.9551,0.1493,0.1039,2.049
303,131,0,2.2491,0.3559,0.1934,1.094
303,136,0,2.1714,0.1726,0.1379,4.765
303,141,0,2.8511,0.3235,0.1877,0.780
303,146,0,2.1967,0.0119,0.0553,3.833
303,151,0,1.5388,0.1866,0.1425,3.922
303,156,1,2.1003,0.3791,0.2636,5.933
303,161,2,2.4449,0.3497,0.1890,13.248
303,166,1,2.3728,0.3055,0.1579,8.848
303,171,0,2.4317,0.0655,0.2386,2.214
303,176,0,4.4614,0.0424,0.1425,2.434
303,181,0,2.0437,0.2052,0.1887,5.005
303,186,1,2.1868,0.1168,0.1123,1.929
303,191,1,2.0371,0.0703,0.1888,1.632
303,196,1,2.6540,0.3423,0.1649,3.121
303,201,0,1.4896,0.4086,0.2140,4.403
303,206,3,1.5696,0.1170,0.1595,4.290
303,211,1,1.5881,0.3186,0.2103,4.438
303,216,1,2.5085,-0.1986,0.2244,0.786
303,221,2,2.7209,0.2153,0.2438,5.379
303,226,0,2.3077,0.2516,0.2067,4.244
303,231,0,2.3357,0.5147,0.2927,6.042
303,236,2,2.1053,0.6792,0.2584,1.935
303,241,0,2.9853,0.2361,0.3244,3.888
303,246,2,2.4057,0.4925,0.1843,2.909
303,251,1,1.8027,1.0431,0.4578,2.387
303,256,2,2.5553,0.5918,0.2505,4.795
303,261,1,2.1521,0.1360,0.1171,8.815
303,266,2,2.3314,0.2599,0.2050,8.220
303,271,1,2.5534,-0.0811,0.2405,1.516
303,276,1,2.2376,0.0990,0.1862,3.209
303,281,1,2.1852,-0.0954,0.2252,3.014
303,286,1,2.0963,0.1963,0.2634,2.712
303,291,0,2.2197,-0.0596,0.1192,4.327
303,296,0,4.7153,0.3385,0.3882,1.358
303,301,0,2.8307,-0.1786,0.1696,2.665
303,306,0,2.5233,0.6172,0.4901,4.721
303,311,0,2.5409,0.0339,0.4003,6.876
303,316,1,3.3892,0.1406,0.2158,3.236
303,321,1,2.6949,0.0408,0.2376,6.623
303,326,3,2.6339,0.0012,0.2771,3.879
303,331,0,2.4829,0.6245,0.3016,16.057
303,336,3,2.2761,0.1145,0.2100,4.844
303,341,2,1.7327,0.4178,0.1491,2.124
303,346,3,1.9371,0.5892,0.2492,4.575
303,351,2,1.8552,0.6077,0.2740,4.847
303,356,1,1.8826,0.2705,0.1880,3.290
303,361,2,2.1831,0.7368,0.3053,2.152
303,366,1,2.7304,0.0118,0.0566,7.566
303,371,4,2.1547,0.5387,0.1815,3.851
303,376,1,2.2433,0.9426,0.3401,4.520
303,381,0,1.3579,-0.1403,-0.0712,5.867
303,386,2,1.2347,0.1446,0.0718,7.260
303,391,3,1.1350,0.1557,0.1020,4.570
303,396,4,1.3429,0.1399,0.1467,3.073
303,401,3,1.1081,0.4055,0.1506,3.065
303,406,6,1.1173,0.4652,0.1748,3.222
303,411,4,0.7609,0.9169,0.2294,4.236
303,416,1,1.1873,0.7175,0.1626,3.218
303,421,3,1.3310,0.0328,0.2053,3.644
303,426,2,1.4725,0.3515,0.1456,1.790
303,431,7,1.1496,0.1479,0.0689,2.932
303,436,7,0.9109,0.4483,0.0916,4.985
303,441,6,0.9029,0.2315,0.1595,7.021
303,446,7,0.9245,0.9134,0.1644,8.108
303,451,7,0.7801,1.3165,0.2501,4.646
303,456,4,0.9862,0.7184,0.1934,5.581
303,461,2,0.8233,1.2242,0.2204,1.091
303,466,5,0.8257,0.6668,0.2138,10.224
303,471,1,1.0662,1.5550,0.3699,2.880
303,476,3,1.0199,1.0978,0.3252,1.939
303,481,0,1.1874,0.2782,0.0935,4.017
303,486,0,1.2919,0.4322,0.1914,4.299
303,491,1,0.9331,0.5206,0.1861,3.336
303,496,4,0.7689,0.0740,0.1348,4.083
303,501,5,0.9309,0.0109,0.0559,4.410
303,506,6,0.7004,0.0011,0.0591,6.115
303,511,6,0.6220,0.0595,0.1052,2.489
303,516,7,0.4426,0.0034,0.0713,3.919
303,521,7,0.2604,0.0126,0.0504,2.182
303,526,8,0.1480,-0.0008,0.0421,3.135
303,531,7,0.3867,0.0014,0.0506,14.069
303,536,7,0.2448,0.0004,0.0617,10.242
303,541,8,0.1412,-0.0029,0.0513,20.654
303,546,6,0.3404,0.0006,0.0378,7.714
303,551,7,0.5957,-0.0001,0.0821,15.932
303,556,8,0.2288,-0.0014,0.0780,5.208
303,561,7,0.2488,0.0017,0.0753,4.796
303,566,6,0.3901,0.0041,0.0383,5.753
303,571,8,0.4712,-0.0027,0.0583,3.332
303,576,8,0.3436,0.0031,0.0461,11.384
303,581,8,0.1778,0.0006,0.1143,8.403
303,586,5,0.9521,0.0072,0.0609,2.328
303,591,5,0.7085,0.0017,0.0827,10.686
303,596,7,0.3350,0.0000,0.0798,3.697
303,601,8,0.1376,0.0014,0.0523,12.517
303,606,8,0.2239,0.0001,0.1275,11.106
303,611,8,0.1924,0.0025,0.0869,10.634
303,616,8,0.1590,0.0034,0.1606,17.216
303,621,8,0.2047,0.0059,0.0988,8.035
303,626,8,0.1251,0.0007,0.0775,23.500
303,631,8,0.1752,0.0010,0.0657,7.119
303,636,8,0.2452,0.0041,0.0556,15.055
303,641,5,0.4242,0.1034,0.1221,1.079
303,646,8,0.1645,0.0001,0.0684,4.609
303,651,7,0.2358,0.0011,0.0826,5.855
303,656,8,0.1147,0.0032,0.0417,13.366
303,661,8,0.2499,0.0029,0.1163,8.443
303,666,8,0.1580,0.0009,0.1668,8.782
303,671,8,0.2294,-0.0017,0.1588,18.097
303,676,7,0.2835,-0.0005,0.1431,3.193
303,681,8,0.6701,-0.0032,0.1237,8.889
303,686,8,0.5017,0.0017,0.0976,27.830
303,691,4,0.5953,0.0211,0.1082,2.888
303,696,6,0.2646,0.0015,0.0832,3.086
303,701,8,0.1895,0.0004,0.1374,6.036
303,706,8,0.2104,0.0047,0.0607,22.230
303,711,8,0.1248,-0.0000,0.0520,21.594
303,716,8,0.1985,0.0011,0.0668,23.767
303,721,8,0.0917,0.0009,0.0825,20.427
303,726,8,0.1269,0.0001,0.0539,8.721
303,731,8,0.1393,0.0015,0.1606,13.275
303,736,8,0.1244,0.0000,0.1019,8.497
303,741,8,0.1038,0.0008,0.1149,17.403
303,746,8,0.1309,0.0009,0.0820,19.570
303,751,8,0.1581,-0.0037,0.0577,11.469
303,756,8,0.1237,0.0010,0.0685,15.581
303,761,8,0.1397,0.0012,0.1465,14.605
303,766,8,0.1429,0.0009,0.0976,21.472
303,771,8,0.1638,0.0011,0.0484,22.402
303,776,8,0.1951,0.0005,0.1811,23.622
303,781,8,0.2268,0.0019,0.0782,16.886
303,786,8,0.1520,0.0003,0.0505,7.955
303,791,8,0.1062,0.0021,0.0983,21.441
303,796,6,0.2459,-0.0002,0.0959,8.477
303,801,8,0.1255,0.0005,0.0878,16.953
303,806,8,0.1754,0.0004,0.0909,6.850
303,811,7,0.2614,0.0057,0.1544,2.144
303,816,8,0.1488,0.0036,0.0431,24.064
303,821,8,0.1644,-0.0006,0.1774,9.629
303,826,8,0.1095,-0.0001,0.0748,11.048
303,831,8,0.1163,0.0007,0.1326,25.025
303,836,8,0.1244,0.0010,0.0500,11.308
303,841,8,0.2210,0.0056,0.0894,24.927
303,846,7,0.8820,0.0035,0.0937,11.006
303,851,8,0.5878,0.0030,0.1572,14.000
303,856,8,0.2002,0.0034,0.1266,15.342
303,861,8,0.1141,0.0038,0.0940,11.641
303,866,8,0.1483,0.0011,0.1444,24.391
303,871,8,0.1120,0.0001,0.0887,26.551
303,876,8,0.1009,0.0022,0.0903,8.978
303,881,8,0.1218,0.0007,0.1322,18.366
303,886,8,0.1312,0.0016,0.1553,25.404
303,891,8,0.1446,0.0015,0.1021,44.058
303,896,8,0.2753,0.0004,0.1158,14.427
303,901,8,0.1806,0.0012,0.0452,19.466
303,906,8,0.1408,0.0000,0.1300,17.667
303,911,8,0.1591,0.0001,0.1421,28.127
303,916,8,0.1518,0.0002,0.1798,44.568
303,921,8,0.1593,0.0006,0.0730,26.136
303,926,8,0.1303,0.0010,0.0858,20.841
303,931,8,0.1451,0.0009,0.1045,26.855
303,936,8,0.2711,0.0015,0.1597,25.000
303,941,8,0.1623,0.0026,0.0931,14.822
303,946,8,0.1382,0.0020,0.1127,19.882
303,951,8,0.1510,0.0010,0.0525,25.909
303,956,8,0.2103,0.0005,0.0816,12.878
303,961,7,0.2361,0.0008,0.0907,27.930
303,966,8,0.1403,0.0001,0.0978,24.853
303,971,8,0.2076,0.0004,0.1299,54.151
303,976,8,0.1298,0.0004,0.0571,36.054
303,981,8,0.1526,0.0008,0.1215,75.658
303,986,8,0.1060,0.0013,0.1246,17.820
303,991,8,0.1242,0.0003,0.1122,25.288
303,996,8,0.1383,0.0002,0.0919,23.956
303,1001,8,0.1299,0.0003,0.0825,40.940
303,1006,8,0.2056,0.0015,0.1490,24.212
303,1011,8,0.1563,0.0002,0.0568,32.806
303,1016,8,0.1148,0.0013,0.1139,39.255
303,1021,8,0.1270,0.0004,0.0931,19.597
303,1026,8,0.1558,0.0016,0.1022,12.564
303,1031,8,0.1032,0.0006,0.0274,23.913
303,1036,8,0.1326,0.0008,0.1064,23.319
303,1041,8,0.1726,0.0011,0.1105,41.097
303,1046,8,0.1299,0.0006,0.0521,19.593
303,1051,8,0.1691,0.0011,0.0845,10.505
303,1056,8,0.1452,0.0017,0.1801,10.977
303,1061,8,0.1071,0.0012,0.0091,32.406
303,1066,8,0.1225,0.0017,0.1420,27.613
303,1071,8,0.1260,-0.0001,0.0870,70.510
303,1076,8,0.1068,0.0006,0.1472,98.689
303,1081,8,0.1078,0.0011,0.1460,57.387
303,1086,8,0.1053,0.0018,0.0931,43.359
303,1091,8,0.1076,0.0019,0.1412,42.243
303,1096,8,0.1109,0.0011,0.1450,54.788
303,1101,8,0.1103,0.0011,0.1377,18.226
303,1106,8,0.1005,0.0013,0.1388,19.789
303,1111,8,0.0900,0.0011,0.0361,20.279
303,1116,8,0.0955,0.0012,0.0995,44.216
303,1121,8,0.1136,0.0011,0.0650,96.705
303,1126,8,0.1226,0.0015,0.0899,51.707
303,1131,8,0.1178,0.0019,0.0765,33.468
303,1136,8,0.1109,0.0017,0.1239,54.609
303,1141,8,0.1047,0.0021,0.0851,39.907
303,1146,8,0.0994,0.0015,0.0938,24.978
303,1151,8,0.0968,0.0007,0.1382,24.235
303,1156,8,0.0950,0.0011,0.0984,17.950
303,1161,8,0.0936,0.0011,0.0883,26.309
303,1166,8,0.0936,0.0002,0.1246,54.500
303,1171,8,0.0970,0.0004,0.1499,34.935
303,1176,8,0.1003,0.0003,0.1175,12.306
303,1181,8,0.1031,0.0007,0.1050,73.347
303,1186,8,0.1057,0.0007,0.1013,25.633
303,1191,8,0.1080,-0.0005,0.0976,52.362
303,1196,8,0.1105,0.0003,0.0631,42.511
404,1,0,2.9624,0.0678,0.0320,15.455
404,6,1,2.9821,-0.0771,-0.0329,8.614
404,11,0,2.9685,0.0949,0.0759,5.013
404,16,0,2.8651,0.4435,0.1657,8.064
404,21,0,2.9748,0.5102,0.2577,3.568
404,26,0,2.8185,-0.3034,0.0533,3.643
404,31,0,9.4456,0.0910,0.0591,2.950
404,36,0,8.6200,0.1284,0.0628,2.293
404,41,0,4.6082,0.0101,0.0262,4.987
404,46,0,7.1333,0.0167,0.0457,1.256
404,51,0,2.2183,0.0091,0.0349,4.267
404,56,2,4.0256,0.0164,0.0858,3.002
404,61,1,2.1938,-0.0365,0.1001,3.929
404,66,0,8.0028,-0.2518,0.0488,5.100
404,71,0,3.7532,-0.2993,0.0400,5.776
404,76,0,3.8761,-0.0921,0.0401,5.068
404,81,0,3.1581,-0.0195,0.0494,1.438
404,86,0,3.0598,0.0046,0.0694,2.007
404,91,1,2.7133,-0.0194,0.0250,2.784
404,96,0,2.6673,0.0093,0.0586,1.336
404,101,0,3.6402,0.0035,0.0782,2.469
404,106,0,2.7823,0.0255,0.0892,3.255
404,111,0,2.5124,-0.3092,0.1379,4.893
404,116,1,4.0549,0.1820,0.3854,1.232
404,121,0,4.9707,-0.1648,0.0729,1.373
404,126,0,2.8110,0.0895,0.0528,3.244
404,131,0,2.9552,0.0906,0.0835,2.186
404,136,0,2.8289,0.1035,0.1587,2.299
404,141,0,3.0061,0.0068,0.1792,1.165
404,146,0,5.8941,0.1059,0.1821,1.778
404,151,0,2.6154,-0.3585,0.1634,1.276
404,156,0,3.5458,0.0566,0.2139,3.891
404,161,0,2.6703,-0.1864,0.1290,3.090
404,166,0,3.2685,0.0480,0.1189,2.818
404,171,1,2.7287,0.1380,0.1232,3.488
404,176,2,2.2212,0.0687,0.1699,1.937
404,181,2,2.3417,-0.0974,0.2174,2.319
404,186,1,2.3866,-0.2547,0.3080,2.575
404,191,0,2.3569,0.3007,0.1963,2.009
404,196,0,2.5006,0.2174,0.2163,2.347
404,201,1,2.4173,0.4647,0.2775,8.584
404,206,0,2.6065,0.1957,0.3053,6.088
404,211,0,2.7317,0.1118,0.2966,3.624
404,216,2,2.7961,0.0704,0.4415,3.422
404,221,0,2.5466,0.1652,0.3035,2.570
404,226,0,16.0526,-2.0582,0.2730,1.993
404,231,0,3.5076,0.0619,0.2393,4.424
404,236,0,2.3287,0.1407,0.3084,3.039
404,241,0,1.9966,0.2298,0.2149,7.180
404,246,3,1.1132,0.3656,0.2624,2.159
404,251,1,2.1677,0.2193,0.1452,4.846
404,256,0,2.6378,0.0314,0.2247,2.421
404,261,0,3.2296,0.2092,0.1776,6.564
404,266,2,3.7012,0.2965,0.2088,8.924
404,271,1,1.8687,0.1143,0.2846,2.689
404,276,1,2.7111,0.2768,0.2036,4.548
404,281,1,4.0452,1.3498,0.3210,6.967
404,286,0,3.8756,0.7485,0.2993,1.367
404,291,0,2.7913,1.5002,0.5857,8.101
404,296,1,2.5968,0.3617,0.1188,7.752
404,301,1,3.2600,0.0210,0.1967,2.210
404,306,0,2.9864,-0.0165,0.2272,4.448
404,311,0,3.6347,-0.0135,0.1903,14.504
404,316,2,2.2246,-0.0201,0.1383,3.002
404,321,2,2.5941,0.3541,0.2409,2.787
404,326,2,2.0640,0.1327,0.2183,6.286
404,331,1,2.5202,0.7162,0.2632,2.081
404,336,1,2.6033,1.0089,0.1892,2.198
404,341,4,2.5248,0.4503,0.3332,6.016
404,346,2,2.3355,0.8156,0.2753,2.251
404,351,1,1.7836,0.7585,0.3018,2.086
404,356,0,1.5419,0.2619,0.1255,12.821
404,361,0,2.0164,-0.1015,0.0854,4.917
404,366,0,2.5309,-0.2884,0.3665,0.765
404,371,0,2.5430,0.3401,0.1793,4.060
404,376,0,2.1839,0.3531,0.3247,2.456
404,381,1,1.5963,0.3141,0.2399,2.736
404,386,3,2.4260,0.1908,0.1008,3.910
404,391,3,1.3498,0.0747,0.1607,3.569
404,396,2,0.8201,0.0191,0.1286,2.420
404,401,4,0.5658,0.1450,0.0943,3.043
404,406,4,0.6352,0.0142,0.0364,2.648
404,411,6,0.3406,0.0317,0.0640,4.912
404,416,5,0.2736,0.0347,0.0278,3.776
404,421,7,0.3505,-0.0001,0.0578,4.585
404,426,8,0.2412,-0.0011,0.0548,20.753
404,431,8,0.2211,0.0002,-0.0007,14.623
404,436,7,0.3029,0.0089,0.0792,3.013
404,441,8,0.3600,0.0006,0.0434,7.006
404,446,8,0.1577,0.0017,0.0905,7.167
404,451,8,0.1409,0.0006,0.0909,7.713
404,456,8,0.1539,-0.0013,0.1040,8.194
404,461,8,0.1244,0.0006,0.1393,5.947
404,466,8,0.1592,0.0012,0.0348,21.119
404,471,6,0.7728,0.0099,0.0634,6.009
404,476,8,0.2045,0.0003,0.0504,3.960
404,481,8,0.1296,0.0008,0.0946,4.481
404,486,2,0.6528,0.0028,0.1382,2.178
404,491,6,0.9641,0.0028,0.1026,5.683
404,496,6,0.5599,0.0088,0.1033,4.151
404,501,7,0.8308,-0.0004,0.1042,3.620
404,506,7,0.5430,-0.0030,0.1305,4.981
404,511,7,0.2206,0.0106,0.0878,11.163
404,516,6,0.3590,0.0007,0.0802,10.727
404,521,7,0.5112,-0.0013,0.0870,3.470
404,526,6,0.6461,0.0087,0.0972,1.964
404,531,8,0.2133,0.0009,0.1316,13.876
404,536,8,0.1228,-0.0004,0.1185,7.873
404,541,8,0.1574,0.0077,0.1406,17.456
404,546,8,0.1365,0.0004,0.0931,13.937
404,551,8,0.1605,0.0005,0.0762,13.714
404,556,8,0.1168,-0.0001,0.0699,23.506
404,561,8,0.1459,0.0011,0.1028,2.806
404,566,4,0.7107,0.0008,0.1091,3.048
404,571,5,1.1754,0.0399,0.1127,5.147
404,576,6,0.9598,0.0277,0.1183,3.911
404,581,6,0.6481,0.0036,0.0937,4.625
404,586,8,0.1901,-0.0006,0.1053,5.354
404,591,7,0.3270,0.0012,0.0296,11.727
404,596,8,0.1995,0.0023,0.1048,14.208
404,601,7,0.8281,0.0003,0.0954,6.910
404,606,8,0.1752,0.0011,0.0371,42.875
404,611,8,0.1292,0.0012,0.1082,7.448
404,616,7,0.3090,-0.0000,0.0513,7.784
404,621,8,0.1180,0.0019,0.1284,31.406
404,626,8,0.2417,0.0001,0.1306,7.216
404,631,7,0.7282,-0.0052,0.0583,9.432
404,636,6,0.5631,0.0003,0.0442,3.472
404,641,7,0.4550,0.0028,0.1336,6.651
404,646,6,0.3078,0.0016,0.1684,9.909
404,651,8,0.1367,0.0031,0.0687,3.400
404,656,8,0.2197,0.0000,0.0916,9.852
404,661,8,0.1067,0.0004,0.0691,13.030
404,666,8,0.1258,0.0039,0.0645,4.451
404,671,8,0.1448,0.0013,0.0958,11.087
404,676,8,0.1368,0.0031,0.0911,10.003
404,681,8,0.1187,0.0002,0.0304,8.904
404,686,8,0.0997,0.0001,0.1607,27.318
404,691,8,0.1445,0.0004,0.1324,15.088
404,696,8,0.2774,0.0006,0.0836,10.556
404,701,7,0.3203,0.0001,0.0972,2.544
404,706,7,0.9606,0.0051,0.0965,7.497
404,711,7,1.1029,0.0032,0.0888,22.011
404,716,7,1.0946,0.0029,0.1970,5.742
404,721,5,1.0516,0.0142,0.1461,4.050
404,726,1,0.7888,0.0681,0.1248,2.856
404,731,8,0.2341,0.0071,0.0555,11.534
404,736,8,0.1552,0.0045,0.1185,16.735
404,741,8,0.1619,-0.0008,0.0574,8.394
404,746,5,0.3871,0.0013,0.0707,5.919
404,751,6,0.2245,0.0037,0.0745,5.498
404,756,8,0.2442,0.0001,0.1048,6.780
404,761,8,0.2420,-0.0025,0.1688,6.141
404,766,8,0.1326,-0.0000,0.0750,14.690
404,771,8,0.2148,0.0002,0.1636,9.469
404,776,8,0.2077,-0.0015,0.1351,9.118
404,781,8,0.3513,0.0007,0.1122,2.964
404,786,8,0.3161,0.0006,0.0321,8.415
404,791,8,0.1257,0.0039,0.0650,15.889
404,796,8,0.1095,-0.0004,0.0573,32.510
404,801,8,0.1203,-0.0001,0.0685,8.493
404,806,8,0.1820,0.0038,0.1567,10.086
404,811,8,0.1553,0.0044,0.1043,8.949
404,816,8,0.1357,0.0040,0.0452,8.178
404,821,8,0.1419,0.0008,0.1144,28.685
404,826,8,0.1107,0.0009,0.0930,22.061
404,831,8,0.0939,0.0010,0.0552,8.812
404,836,8,0.0963,0.0014,0.0750,28.898
404,841,8,0.1651,0.0007,0.0774,10.371
404,846,8,0.1286,0.0013,0.1161,15.402
404,851,8,0.1151,0.0008,0.0603,40.395
404,856,8,0.1017,0.0017,0.1011,33.615
404,861,8,0.0845,0.0010,0.1137,15.709
404,866,8,0.1185,0.0007,0.0339,16.978
404,871,8,0.0799,0.0023,0.0916,38.593
404,876,8,0.1568,0.0009,0.1114,15.635
404,881,8,0.1293,0.0011,0.1178,46.403
404,886,8,0.1699,0.0003,0.1087,30.894
404,891,8,0.1830,0.0003,0.1432,16.227
404,896,8,0.1244,0.0013,0.0849,15.562
404,901,8,0.2838,0.0031,0.1053,9.451
404,906,8,0.1163,0.0012,0.0595,10.262
404,911,8,0.1128,0.0005,0.0363,21.987
404,916,8,0.1139,0.0007,0.1628,37.792
404,921,8,0.1172,0.0005,0.0923,40.732
404,926,8,0.1087,0.0006,0.0539,54.846
404,931,8,0.1074,0.0015,0.0788,37.949
404,936,8,0.1147,0.0010,0.1022,27.933
404,941,8,0.1510,0.0015,0.1625,7.241
404,946,6,0.4546,-0.0000,0.1025,19.091
404,951,8,0.3761,0.0033,0.1324,14.661
404,956,8,0.1873,0.0003,0.1469,45.881
404,961,8,0.1253,0.0006,0.1808,61.086
404,966,8,0.1245,0.0062,0.1296,14.667
404,971,8,0.1154,0.0006,0.1708,31.712
404,976,8,0.1143,0.0009,0.0701,66.745
404,981,8,0.0975,0.0004,0.1236,33.311
404,986,8,0.1255,0.0014,0.1491,28.417
404,991,8,0.0999,0.0020,0.1185,19.512
404,996,8,0.1029,0.0027,0.1240,28.175
404,1001,8,0.1192,-0.0001,0.1137,41.702
404,1006,8,0.0834,0.0024,0.1471,37.237
404,1011,8,0.1546,0.0002,0.0713,31.684
404,1016,8,0.2968,0.0013,0.1353,28.167
404,1021,8,0.1963,0.0013,0.0702,17.358
404,1026,8,0.1145,0.0006,0.1303,46.579
404,1031,8,0.0981,0.0018,0.1785,15.882
404,1036,8,0.1073,0.0024,0.0800,66.769
404,1041,8,0.0820,0.0033,0.0840,12.500
404,1046,8,0.0937,0.0021,0.1364,34.313
404,1051,8,0.1080,0.0014,0.0857,35.571
404,1056,8,0.1114,0.0006,0.1242,23.373
404,1061,8,0.1002,0.0006,0.0380,60.711
404,1066,8,0.0954,0.0022,0.1468,19.085
404,1071,8,0.0847,0.0018,0.1823,52.145
404,1076,8,0.0903,0.0011,0.1018,31.220
404,1081,8,0.0974,0.0027,0.1489,23.036
404,1086,8,0.1201,0.0011,0.1208,43.180
404,1091,8,0.1139,0.0021,0.0212,50.296
404,1096,8,0.1186,0.0017,0.0811,6.942
404,1101,8,0.1534,0.0033,0.1096,4.452
404,1106,8,0.1687,0.0027,0.1381,12.241
404,1111,8,0.1714,0.0015,0.0755,31.132
404,1116,8,0.1498,0.0016,0.1587,19.608
404,1121,8,0.1309,0.0014,0.1540,10.990
404,1126,8,0.1247,0.0011,0.1226,14.271
404,1131,8,0.1227,0.0009,0.1163,20.124
404,1136,8,0.1196,0.0016,0.1314,56.542
404,1141,8,0.1151,0.0013,0.1570,35.034
404,1146,8,0.1100,0.0011,0.1420,8.697
404,1151,8,0.1039,-0.0001,0.1166,30.414
404,1156,8,0.1055,0.0009,0.1113,28.538
404,1161,8,0.1079,0.0003,0.0820,24.724
404,1166,8,0.1104,0.0004,0.0970,18.800
404,1171,8,0.1119,0.0002,0.0917,20.767
404,1176,8,0.1142,0.0007,0.2288,31.685
404,1181,8,0.1159,0.0005,0.1102,33.276
404,1186,8,0.1166,0.0001,0.0933,30.606
404,1191,8,0.1172,0.0007,0.1491,27.968
404,1196,8,0.1175,0.0009,0.0722,17.105
505,1,0,2.9306,0.0513,0.0262,23.497
505,6,0,2.8374,-0.0714,-0.0079,4.932
505,11,0,2.9156,0.0416,0.0552,4.073
505,16,0,2.8764,0.2345,0.1053,16.309
505,21,0,2.7880,0.2161,0.0965,5.295
505,26,0,2.6763,0.1110,0.0656,1.893
505,31,0,5.2265,0.0413,0.0129,3.016
505,36,1,2.6354,0.1969,0.0626,3.258
505,41,0,2.8223,-0.1086,0.0702,2.608
505,46,0,2.7652,0.1769,0.0951,5.026
505,51,1,2.9125,0.1259,0.0763,3.975
505,56,0,2.4132,0.1697,0.0537,3.103
505,61,0,2.3104,-0.0691,0.0223,4.860
505,66,0,2.5894,0.0184,0.0660,2.443
505,71,0,2.4373,0.0423,0.0630,3.019
505,76,1,1.7304,0.0219,0.0439,3.997
505,81,0,3.0956,-0.0854,0.0713,1.534
505,86,0,1.8042,-0.1596,0.0369,3.274
505,91,1,1.5463,0.0705,0.0604,2.298
505,96,0,2.1270,0.0528,0.0716,1.111
505,101,0,3.0370,0.0622,0.0858,2.506
505,106,0,3.7598,0.0192,0.1163,4.390
505,111,0,3.0339,-0.0033,0.1063,2.539
505,116,0,2.1206,0.0450,0.1615,3.351
505,121,0,2.3134,0.0280,0.1281,2.431
505,126,0,2.8308,0.1889,0.1095,3.249
505,131,1,2.8044,0.1772,0.1184,7.979
505,136,0,2.8696,0.1489,0.1328,0.931
505,141,0,2.6917,0.0259,0.0662,2.766
505,146,0,2.7067,0.0362,0.0688,2.465
505,151,1,2.7262,-0.0121,0.0374,3.831
505,156,0,5.4173,0.1801,0.1448,5.866
505,161,0,3.0154,0.2114,0.1467,2.158
505,166,0,2.1863,0.2413,0.1612,2.170
505,171,0,23.4669,-0.7237,0.2106,2.235
505,176,0,7.1157,-0.1227,0.1711,4.219
505,181,1,2.6812,0.2409,0.1675,12.461
505,186,0,2.7302,0.3525,0.4597,2.477
505,191,1,2.8413,0.0424,0.0603,3.950
505,196,0,2.9039,0.3107,0.1791,3.046
505,201,0,2.8223,0.1973,0.1124,5.419
505,206,0,2.8657,0.1441,0.1478,2.601
505,211,0,2.8739,0.2488,0.1895,3.099
505,216,0,4.9246,0.2324,0.2064,8.308
505,221,0,7.2631,-0.2986,0.2293,6.857
505,226,0,2.9045,0.1972,0.2000,6.063
505,231,0,2.6932,0.1066,0.1987,3.057
505,236,0,2.7261,0.2470,0.2453,2.024
505,241,2,2.7462,0.1163,0.2716,2.709
505,246,1,2.7692,0.0987,0.0965,2.972
505,251,0,2.8782,0.3460,0.2201,3.204
505,256,0,2.7016,0.2717,0.2263,4.119
505,261,0,2.0629,0.4814,0.5105,9.148
505,266,2,2.8785,0.2782,0.2042,2.599
505,271,0,2.8107,0.4562,0.3990,3.920
505,276,0,2.7700,0.5508,0.2864,3.519
505,281,0,2.3580,0.3795,0.4825,4.925
505,286,1,1.8959,0.1501,0.1279,8.159
505,291,2,1.9000,0.3724,0.2273,4.158
505,296,0,1.7069,0.4545,0.2811,10.852
505,301,0,1.7527,0.2988,0.3224,9.619
505,306,1,1.6031,-0.0031,0.1363,2.407
505,311,2,1.7525,0.1659,0.1358,5.727
505,316,3,3.0055,0.2884,0.2585,6.522
505,321,3,2.3489,-0.0020,0.0836,3.313
505,326,2,2.1660,-0.0116,0.0994,1.304
505,331,1,2.3539,-0.0221,0.0826,4.095
505,336,4,1.8019,-0.1153,0.0899,4.529
505,341,2,2.1041,-0.0243,0.1851,3.181
505,346,1,2.2543,-0.1047,0.1742,2.460
505,351,2,2.0138,0.0073,0.1420,6.160
505,356,0,1.9940,-0.0018,0.1093,1.751
505,361,0,2.1030,-0.0485,0.1953,2.389
505,366,1,1.9348,0.0059,0.1343,3.862
505,371,0,2.0084,-0.0063,0.1754,3.543
505,376,1,2.4543,-0.0061,0.2086,4.147
505,381,1,1.7292,0.0851,0.1724,3.121
505,386,0,2.0229,0.3451,0.2519,4.264
505,391,2,2.1313,0.0291,0.1812,7.118
505,396,1,1.8907,0.2429,0.1545,4.167
505,401,0,2.2655,0.3891,0.2002,11.859
505,406,3,1.8147,0.4203,0.3164,3.987
505,411,4,1.7145,0.0189,0.1275,4.872
505,416,3,1.8864,0.1077,0.1070,4.176
505,421,4,1.5464,0.3248,0.1377,9.783
505,426,0,1.6227,0.5573,0.1645,4.416
505,431,6,1.4232,0.4179,0.1771,3.115
505,436,2,1.1688,0.1973,0.1884,2.880
505,441,5,0.9005,0.7360,0.2076,3.145
505,446,2,1.0599,0.2786,0.1232,3.933
505,451,2,1.2161,1.0605,0.1922,12.676
505,456,2,1.9659,0.3597,0.1869,3.897
505,461,5,0.7803,-0.0345,0.0929,7.037
505,466,5,0.6431,0.9005,0.2146,3.571
505,471,3,0.7695,0.9755,0.3127,3.983
505,476,1,1.7634,0.6679,0.0444,5.537
505,481,0,1.6970,1.1652,0.4606,5.186
505,486,0,2.4045,0.8003,0.3012,14.143
505,491,0,2.0596,1.0363,0.3455,10.060
505,496,0,1.7810,1.0222,0.4427,2.218
505,501,0,1.9178,0.1010,0.0815,6.673
505,506,2,1.9406,0.1027,0.2518,2.700
505,511,1,1.8641,0.5855,0.2726,2.376
505,516,5,1.7438,0.4185,0.3002,2.597
505,521,0,1.9046,0.5727,0.3766,1.066
505,526,3,0.8156,0.0822,0.0493,3.631
505,531,4,1.1106,0.0136,0.0538,4.812
505,536,6,0.8489,0.1135,0.0892,1.719
505,541,4,1.0491,0.1410,0.1004,1.560
505,546,3,1.0162,0.0432,0.1635,2.766
505,551,6,0.9167,0.0363,0.1878,2.566
505,556,5,1.0338,0.1868,0.0989,5.305
505,561,6,0.7824,-0.0252,0.0590,10.089
505,566,5,0.6377,0.0207,0.2140,2.541
505,571,7,0.3929,0.4614,0.2363,2.167
505,576,2,0.6153,0.8726,0.2786,2.236
505,581,2,0.9012,0.9650,0.1726,2.518
505,586,5,0.5819,0.3108,0.2642,5.520
505,591,7,0.3412,1.0769,0.2293,1.856
505,596,2,1.6467,1.6794,0.2818,1.680
505,601,0,1.1232,1.2446,0.3948,2.609
505,606,4,1.1055,1.5045,0.6052,6.084
505,611,0,1.4012,1.4367,0.6318,3.404
505,616,3,1.5432,0.9346,0.3319,4.967
505,621,5,1.2043,1.1129,0.5864,3.257
505,626,5,1.2033,1.9823,0.5189,2.328
505,631,1,1.2400,1.5551,0.6465,4.978
505,636,0,1.4900,1.8165,0.6042,1.371
505,641,1,1.5746,0.0415,0.1078,7.387
505,646,1,1.4561,1.5237,0.6324,5.186
505,651,3,1.2093,0.7461,0.3641,5.430
505,656,2,1.1933,1.3246,0.6282,7.746
505,661,1,0.5734,0.6466,0.5190,4.373
505,666,1,0.8898,0.1459,0.1909,10.067
505,671,1,0.5976,1.1428,0.4847,3.433
505,676,1,0.8857,1.0752,0.4900,1.665
505,681,3,0.9611,0.7951,0.6271,2.297
505,686,1,0.7860,1.2509,0.5748,9.214
505,691,3,0.9267,1.0548,0.4198,3.281
505,696,2,1.1531,1.6401,0.6579,1.650
505,701,2,1.1957,0.0405,0.1205,10.704
505,706,1,1.2834,0.2478,0.4517,2.936
505,711,0,1.4463,0.0130,0.1516,4.732
505,716,2,1.3246,-0.1197,0.2400,3.186
505,721,2,1.2542,-0.1058,0.1951,7.130
505,726,3,1.3058,-0.0261,0.4051,3.897
505,731,2,0.9076,-0.0725,0.6264,3.638
505,736,3,1.1493,0.0526,0.3782,5.895
505,741,4,0.7344,-0.0327,0.4848,5.063
505,746,1,1.1680,0.3534,0.2505,3.538
505,751,0,1.3845,0.3704,0.4675,2.004
505,756,1,1.5863,0.2846,0.2692,3.825
505,761,0,1.5589,0.1324,0.4306,4.277
505,766,1,1.3272,0.5252,0.5004,3.199
505,771,3,1.8007,0.2738,0.4773,3.587
505,776,4,1.7364,0.4843,0.2837,11.143
505,781,4,1.0885,0.4840,0.5465,3.956
505,786,4,0.8582,0.5348,0.3850,4.292
505,791,1,1.1884,1.3134,0.4720,6.392
505,796,3,0.6843,0.9784,0.6141,4.289
505,801,3,0.8014,0.9726,0.4211,9.532
505,806,3,0.8960,1.1676,0.5577,4.847
505,811,3,1.5376,1.4547,0.7971,3.443
505,816,1,1.5597,1.2032,1.0130,5.740
505,821,3,1.0852,0.9744,0.7530,5.934
505,826,4,0.9424,1.3967,0.7811,4.564
505,831,4,1.0904,1.4238,0.8657,4.136
505,836,3,1.0192,1.3990,0.8006,5.318
505,841,6,0.6360,0.9950,0.7352,9.510
505,846,4,0.6236,1.7702,0.9758,3.049
505,851,2,0.6915,1.4625,0.7054,4.292
505,856,4,0.3809,1.3851,0.5957,3.863
505,861,4,0.8670,1.6116,0.8619,4.474
505,866,6,0.7694,1.7383,0.8006,6.309
505,871,3,0.6738,2.1051,0.7829,2.609
505,876,5,0.9843,2.2316,1.0617,2.585
505,881,6,0.7755,2.6010,1.0494,4.191
505,886,5,0.6984,2.2988,0.8853,8.862
505,891,6,0.5388,2.2673,0.8347,6.651
505,896,5,0.4109,2.0721,0.9598,4.489
505,901,6,0.2555,2.4529,1.1414,5.795
505,906,6,0.2180,2.3090,0.9893,16.654
505,911,2,0.8127,2.8795,1.3926,2.518
505,916,4,1.0877,1.7648,0.7469,7.841
505,921,3,0.9307,2.3678,1.0311,9.110
505,926,4,0.4803,2.6033,0.9911,7.474
505,931,6,0.2032,2.5624,0.7401,6.162
505,936,6,0.1987,2.9622,1.0455,4.635
505,941,6,0.1431,3.1376,1.0523,7.601
505,946,5,0.4166,3.2765,1.0893,6.220
505,951,6,0.2078,3.0000,1.3739,5.595
505,956,6,0.1977,3.1628,1.3883,2.475
505,961,6,0.1594,3.1785,1.1194,19.196
505,966,6,0.2087,3.0211,1.2254,10.879
505,971,6,0.1220,3.4358,1.1050,12.839
505,976,6,0.1734,3.4811,1.0776,14.403
505,981,6,0.1842,3.4141,1.5715,10.253
505,986,6,0.1335,3.8246,1.4711,16.049
505,991,6,0.1413,3.1357,1.4883,17.834
505,996,6,0.1321,3.5036,1.3297,12.808
505,1001,6,0.1243,3.4586,1.4138,13.909
505,1006,6,0.2073,4.0767,1.1118,5.547
505,1011,6,0.1232,3.9221,1.0743,14.009
505,1016,6,0.1049,4.0516,1.5394,15.816
505,1021,6,0.1084,3.8593,1.3415,15.046
505,1026,6,0.1070,3.7087,1.2247,22.922
505,1031,6,0.0951,3.9419,1.3789,19.701
505,1036,6,0.1178,4.0756,1.6907,50.750
505,1041,6,0.1176,3.9028,1.6598,8.941
505,1046,6,0.0986,3.8386,1.5497,49.323
505,1051,6,0.1481,4.3750,1.9023,14.407
505,1056,6,0.0943,4.0682,1.4574,11.152
505,1061,6,0.1004,4.0195,1.6462,36.016
505,1066,6,0.1188,4.1573,1.7402,23.516
505,1071,6,0.1043,4.1674,1.5112,9.718
505,1076,6,0.1195,4.1494,1.4625,60.000
505,1081,6,0.1164,4.1088,1.4109,50.324
505,1086,6,0.1304,4.2684,1.3615,9.988
505,1091,6,0.1268,4.3710,1.8290,67.459
505,1096,6,0.1097,4.2664,1.6462,46.773
505,1101,6,0.1126,4.3059,1.1768,26.634
505,1106,6,0.1134,4.1259,1.3131,96.377
505,1111,6,0.1115,4.3701,1.6964,25.162
505,1116,6,0.1107,4.3722,1.3869,40.962
505,1121,6,0.1104,4.3130,1.5348,59.374
505,1126,6,0.1162,4.3026,1.5262,39.292
505,1131,6,0.1242,4.3383,1.6380,16.280
505,1136,6,0.1266,4.3413,1.4252,83.786
505,1141,6,0.1210,4.3123,1.8193,25.686
505,1146,6,0.1167,4.3595,1.4171,18.010
505,1151,6,0.1129,4.3789,1.7635,46.364
505,1156,6,0.1106,4.3745,1.6196,34.891
505,1161,6,0.1089,4.3910,1.4759,21.200
505,1166,6,0.1065,4.3930,1.4933,32.679
505,1171,6,0.1061,4.4032,1.5337,26.917
505,1176,6,0.1064,4.3912,1.6248,57.372
505,1181,6,0.1071,4.4053,1.4977,115.958
505,1186,6,0.1078,4.3981,1.4162,69.388
505,1191,6,0.1083,4.3958,1.6958,42.191
505,1196,6,0.1076,4.3881,1.2953,35.261
606,1,0,2.9623,0.0518,0.0233,63.826
606,6,0,2.9853,0.0230,0.0200,19.000
606,11,0,2.8884,0.1735,0.1018,5.020
606,16,0,8.1161,0.0663,0.0637,15.379
606,21,0,6.0975,0.2285,0.0353,7.843
606,26,0,3.1634,-0.0059,0.0073,7.582
606,31,0,4.6653,0.0126,0.0058,3.304
606,36,0,4.2148,0.0319,0.0447,3.740
606,41,0,2.9459,0.1447,0.0552,3.914
606,46,0,3.1266,0.2159,0.0722,3.120
606,51,0,2.5203,-0.0508,0.0501,2.506
606,56,0,2.3407,0.3216,0.1110,4.583
606,61,0,3.3156,0.5471,0.1410,2.517
606,66,0,3.0741,0.6523,0.2466,2.669
606,71,0,3.7792,0.0380,0.0619,2.532
606,76,1,2.0725,0.0533,0.0446,2.875
606,81,1,2.1741,-0.1765,0.0077,5.581
606,86,0,2.9102,-0.2019,0.0692,5.475
606,91,1,2.7977,0.2237,0.0693,1.626
606,96,0,4.4414,-0.3941,0.0102,6.550
606,101,0,2.4343,-0.1672,0.0691,1.564
606,106,1,2.3256,0.0146,0.1153,3.025
606,111,0,2.9656,0.1029,0.1656,2.789
606,116,1,2.8741,0.1182,0.1619,3.514
606,121,2,2.1983,0.0025,0.0971,6.033
606,126,2,2.5306,0.1627,0.2175,3.125
606,131,0,2.8182,0.0253,0.1149,1.837
606,136,0,2.6121,0.2300,0.2114,4.521
606,141,1,5.1942,0.1606,0.1415,2.330
606,146,0,2.7683,0.0604,0.1613,1.645
606,151,0,6.5647,0.2040,0.1581,4.607
606,156,1,1.9851,0.0494,0.1085,3.237
606,161,0,1.8654,0.0547,0.2851,3.781
606,166,0,3.9368,-0.1027,0.0885,5.353
606,171,0,2.1665,-0.0474,0.0620,4.073
606,176,0,2.6406,-0.0849,0.1366,3.045
606,181,1,1.8766,0.1066,0.1080,2.228
606,186,1,2.3991,0.1897,0.1500,2.297
606,191,1,1.6761,0.2999,0.0821,7.482
606,196,0,1.7739,0.3925,0.2176,1.350
606,201,1,2.0396,0.2286,0.2719,2.669
606,206,0,2.0226,0.5358,0.2102,1.999
606,211,0,1.7367,-0.0502,0.0433,6.104
606,216,1,1.7585,-0.0993,0.1245,2.162
606,221,0,2.0073,-0.0734,0.0663,3.087
606,226,0,2.2163,-0.0241,0.1571,3.760
606,231,2,1.9808,-0.0561,0.1681,4.809
606,236,0,2.7315,0.0022,0.1967,2.337
606,241,0,2.5966,-0.0845,0.2507,0.991
606,246,0,2.0582,-0.0698,0.2422,1.831
606,251,0,1.5961,-0.0073,0.3865,1.954
606,256,1,2.0568,0.0235,0.2112,2.854
606,261,1,2.3693,0.3158,0.3228,32.196
606,266,0,2.3192,0.6314,0.3420,4.800
606,271,1,2.5020,-0.0354,0.4252,4.341
606,276,0,2.1223,-0.1293,0.2038,9.485
606,281,0,2.2983,0.0985,0.3690,3.908
606,286,0,9.1431,0.5510,0.3674,1.512
606,291,1,2.3667,0.2581,0.1384,10.910
606,296,2,2.7404,0.0924,0.1689,2.750
606,301,1,2.8113,0.2068,0.1558,8.796
606,306,0,2.4749,0.0475,0.1454,6.877
606,311,2,2.4966,0.2608,0.1402,2.232
606,316,1,1.7756,0.3297,0.1487,6.732
606,321,1,2.0263,0.0997,0.0972,3.011
606,326,1,1.9284,0.0246,0.0834,2.535
606,331,3,2.9238,0.0730,0.1208,3.244
606,336,1,3.4627,-0.0380,0.1036,3.812
606,341,1,2.7050,0.0542,0.1148,4.674
606,346,1,2.0846,0.0042,0.1173,4.926
606,351,0,2.0667,0.2491,0.2133,3.841
606,356,2,1.9767,0.2561,0.1378,2.656
606,361,0,1.9029,0.1080,0.1626,2.430
606,366,0,1.8602,0.1351,0.1415,3.048
606,371,2,1.8039,0.1208,0.1322,2.789
606,376,1,1.5759,0.3220,0.3599,1.828
606,381,3,1.0676,0.2945,0.2134,3.555
606,386,0,1.3676,0.2159,0.2274,3.401
606,391,3,1.6253,0.2949,0.3001,1.261
606,396,2,1.7797,0.3961,0.2780,2.632
606,401,2,1.6161,0.4385,0.1818,3.692
606,406,1,1.2253,0.6269,0.2819,2.928
606,411,1,1.1010,0.1463,0.1290,2.586
606,416,0,1.2194,0.4845,0.2440,5.264
606,421,3,1.2556,0.5338,0.2799,5.310
606,426,2,0.6364,0.7567,0.2622,3.717
606,431,2,1.1166,0.7186,0.1595,5.361
606,436,1,1.8157,0.2100,0.1354,10.591
606,441,0,1.6951,0.8420,0.3895,0.929
606,446,0,1.6667,0.8057,0.3700,2.151
606,451,0,2.0100,-0.3181,0.1079,13.791
606,456,0,3.4210,-0.2195,0.3155,3.077
606,461,2,1.8721,0.0504,0.2908,4.503
606,466,0,4.0960,0.6637,0.3367,1.630
606,471,1,1.6917,1.3730,0.4227,6.063
606,476,2,1.6208,1.4028,0.3676,2.446
606,481,1,2.0129,1.7358,0.5616,4.020
606,486,1,1.4110,1.3791,0.5009,2.437
606,491,3,1.3625,2.3173,0.5319,2.748
606,496,1,1.6092,2.3456,0.8495,1.960
606,501,2,1.0752,2.0865,0.6017,3.600
606,506,3,0.8343,2.0529,0.5937,3.622
606,511,4,1.1004,1.5450,0.3692,4.073
606,516,1,0.6920,3.1145,0.6667,3.629
606,521,4,0.4532,2.3290,0.5361,4.889
606,526,3,0.4780,2.7754,0.6863,7.126
606,531,2,0.4937,1.7890,0.4709,3.564
606,536,0,2.1814,0.5798,0.3150,10.027
606,541,4,1.6373,1.8642,0.5416,12.098
606,546,4,1.3092,1.3334,0.3467,2.393
606,551,2,0.9767,2.4911,0.6869,2.667
606,556,4,1.0664,2.7513,0.8954,4.437
606,561,2,0.6402,2.6355,0.4807,2.888
606,566,5,0.3094,2.7887,0.7202,4.125
606,571,6,0.3214,2.8404,0.7001,7.193
606,576,5,0.8006,3.5099,1.0708,15.344
606,581,5,0.4030,3.8877,1.1422,5.592
606,586,1,0.5021,1.4858,0.5189,8.376
606,591,4,0.9804,2.5211,0.6769,0.730
606,596,3,0.4460,1.6480,0.5657,5.964
606,601,3,0.5604,2.2271,0.7042,4.648
606,606,4,0.6293,2.8660,0.9220,2.633
606,611,1,1.0698,2.7682,0.8818,3.712
606,616,6,0.3552,1.6384,0.3949,8.943
606,621,6,0.4780,2.0242,0.6243,6.277
606,626,3,1.1952,2.5824,0.8341,7.923
606,631,0,3.1626,1.0085,0.3535,1.343
606,636,1,1.3257,0.0393,0.0207,4.713
606,641,1,1.9101,-0.0078,-0.0010,6.815
606,646,1,1.9905,0.1510,0.0622,6.644
606,651,3,2.1134,0.1559,0.0770,4.419
606,656,2,2.9275,0.1196,0.0946,3.793
606,661,0,1.8910,-0.7871,-0.1109,4.861
606,666,1,1.9190,0.0522,0.0853,6.002
606,671,3,2.6796,0.1613,0.1229,5.505
606,676,2,2.6200,0.2289,0.1186,3.856
606,681,0,1.8235,-0.2109,-0.0125,10.966
606,686,0,1.9473,0.0143,0.0843,8.896
606,691,0,2.1014,0.2881,0.1769,2.065
606,696,3,2.2951,0.0845,0.1466,2.925
606,701,0,2.0416,-0.1066,0.0994,3.864
606,706,2,2.4849,-0.0005,0.0939,1.755
606,711,2,1.2162,-0.0158,0.0614,1.364
606,716,3,0.8785,-0.1306,0.0091,4.593
606,721,7,0.4948,-0.0260,0.0699,2.482
606,726,7,0.4492,-0.0095,0.0626,2.433
606,731,7,0.5085,0.0007,0.0372,2.166
606,736,8,0.4042,-0.0010,0.0913,6.688
606,741,7,0.3039,-0.0003,0.0409,13.031
606,746,8,0.3826,-0.0002,0.0336,8.362
606,751,7,0.3113,-0.0091,0.0889,1.698
606,756,6,0.6173,0.0001,0.1204,5.682
606,761,7,0.6675,-0.0018,0.0538,3.710
606,766,8,0.5036,0.0008,0.0606,20.966
606,771,8,0.6004,-0.0002,0.0684,14.693
606,776,8,0.5824,0.0005,0.0514,15.327
606,781,8,0.5572,0.0010,0.0616,8.538
606,786,7,0.5277,0.0176,0.0437,2.067
606,791,7,0.5237,0.0002,0.0430,4.444
606,796,8,0.2816,0.0003,0.0587,8.976
606,801,8,0.2095,-0.0000,0.0845,14.679
606,806,6,0.2984,0.0005,0.1398,12.793
606,811,7,0.5938,0.0001,0.0861,9.104
606,816,4,0.7312,0.0001,0.1515,7.639
606,821,7,0.7105,0.0014,0.1197,9.415
606,826,8,0.6250,-0.0002,0.1200,11.567
606,831,8,0.4158,0.0002,0.0858,9.510
606,836,7,0.5575,0.0050,0.0700,14.412
606,841,8,0.6077,-0.0002,0.1495,9.525
606,846,8,0.5902,-0.0016,0.0520,10.842
606,851,8,0.6640,0.0017,0.1064,10.820
606,856,7,0.5945,-0.0047,0.0880,11.416
606,861,6,0.6206,0.0029,0.1092,4.997
606,866,7,1.2957,0.0021,0.0915,7.542
606,871,7,1.9031,0.0011,0.1306,8.148
606,876,7,1.5859,0.0004,0.1372,8.430
606,881,4,0.5826,-0.3001,0.1358,3.626
606,886,7,0.3254,0.0012,0.1166,7.040
606,891,8,0.1963,0.0006,0.1982,11.471
606,896,8,0.1997,0.0013,0.1206,15.562
606,901,8,0.1356,0.0012,0.0886,34.083
606,906,8,0.1472,0.0002,0.1631,34.224
606,911,8,0.1407,0.0001,0.0947,29.674
606,916,8,0.1289,-0.0006,0.1248,11.567
606,921,8,0.1584,-0.0002,0.0757,22.461
606,926,8,0.1769,0.0012,0.1065,18.411
606,931,8,0.1722,0.0000,0.1240,11.527
606,936,8,0.1479,0.0001,0.0772,12.897
606,941,6,0.5098,-0.0019,0.1083,8.411
606,946,8,0.2696,0.0024,0.0742,9.503
606,951,8,0.1711,0.0015,0.0119,38.427
606,956,8,0.1369,-0.0005,0.0637,25.878
606,961,8,0.1331,0.0001,0.1303,27.597
606,966,8,0.1417,-0.0001,0.1033,14.385
606,971,8,0.1541,0.0000,0.1408,19.165
606,976,8,0.1545,0.0012,0.0373,17.598
606,981,8,0.1452,-0.0000,0.0904,29.957
606,986,8,0.1465,0.0014,0.0983,32.520
606,991,8,0.1327,0.0016,0.1213,20.784
606,996,8,0.1066,-0.0002,0.0802,18.241
606,1001,8,0.1091,0.0001,0.0977,37.600
606,1006,8,0.1348,0.0001,0.0938,27.472
606,1011,8,0.1321,-0.0002,0.0940,24.195
606,1016,8,0.1395,0.0006,0.1234,55.956
606,1021,8,0.1118,-0.0000,0.1207,21.904
606,1026,8,0.1374,0.0004,0.0960,56.612
606,1031,8,0.1452,-0.0000,0.1171,13.601
606,1036,8,0.1703,0.0030,0.1766,31.371
606,1041,8,0.1201,0.0000,0.0038,41.474
606,1046,8,0.1234,-0.0004,0.0867,23.292
606,1051,8,0.1452,-0.0000,0.0885,36.175
606,1056,8,0.1236,-0.0003,0.1638,52.771
606,1061,8,0.1410,-0.0003,0.1327,8.209
606,1066,8,0.1388,-0.0005,0.1433,31.421
606,1071,8,0.1207,-0.0006,0.1055,6.985
606,1076,8,0.1382,0.0003,0.0928,61.857
606,1081,8,0.1209,-0.0004,0.0823,18.694
606,1086,8,0.1240,0.0001,0.1483,22.126
606,1091,8,0.1526,0.0001,0.1506,40.710
606,1096,8,0.1561,0.0003,0.0880,27.328
606,1101,8,0.1307,-0.0002,0.1222,31.000
606,1106,8,0.1542,-0.0001,0.1414,20.383
606,1111,8,0.1588,0.0001,0.1478,29.093
606,1116,8,0.1516,0.0003,0.0739,29.662
606,1121,8,0.1312,0.0018,0.0535,32.262
606,1126,8,0.1144,-0.0001,0.1345,13.222
606,1131,8,0.1120,-0.0002,0.1086,15.780
606,1136,8,0.1172,-0.0001,0.1550,28.849
606,1141,8,0.1114,0.0001,0.0711,106.412
606,1146,8,0.1114,0.0001,0.1079,58.128
606,1151,8,0.1108,-0.0001,0.0707,64.419
606,1156,8,0.1113,-0.0002,0.1585,38.846
606,1161,8,0.1111,0.0000,0.0796,57.667
606,1166,8,0.1120,-0.0001,0.0712,98.531
606,1171,8,0.1123,0.0001,0.0959,39.341
606,1176,8,0.1123,-0.0001,0.0539,74.171
606,1181,8,0.1129,-0.0001,0.1450,39.692
606,1186,8,0.1132,-0.0001,0.0733,34.962
606,1191,8,0.1132,0.0002,0.2073,58.770
606,1196,8,0.1133,0.0001,0.0931,53.111
707,1,0,2.9791,0.0532,0.0274,29.374
707,6,1,3.8266,0.0180,-0.0091,24.020
707,11,0,2.8953,0.1489,0.0780,14.486
707,16,0,3.9558,0.2493,0.0568,29.193
707,21,0,5.6594,0.2367,0.0612,17.508
707,26,0,3.9332,-0.1156,-0.0028,8.396
707,31,0,2.1127,-0.0347,0.0018,4.477
707,36,0,3.4529,0.0077,0.0264,3.459
707,41,1,2.4946,0.0582,0.0463,3.370
707,46,0,2.6040,0.0255,0.0479,2.703
707,51,0,3.9204,-0.0973,0.0660,3.173
707,56,0,2.6821,0.0588,0.0830,1.609
707,61,1,2.7167,0.0953,0.0476,4.291
707,66,0,3.0035,0.2016,0.1042,3.439
707,71,0,2.5753,0.1551,0.1083,2.538
707,76,1,2.1217,-0.0846,0.0494,1.760
707,81,0,1.7175,-0.0356,0.0464,2.720
707,86,1,3.0427,-0.0050,0.0380,1.760
707,91,0,5.0404,-0.0271,0.0760,3.178
707,96,1,1.9405,0.1017,0.1046,1.974
707,101,0,2.4934,0.1472,0.0857,2.057
707,106,0,1.9357,0.0348,0.0847,5.003
707,111,0,2.7621,-0.1503,0.1611,1.580
707,116,0,3.9585,-0.1483,0.2094,0.978
707,121,0,2.6253,-0.0721,0.1018,3.520
707,126,0,3.1597,0.0432,0.0813,2.022
707,131,0,6.7313,0.0526,0.1587,1.757
707,136,0,9.7648,-0.1441,-0.0928,4.958
707,141,0,4.5070,-0.3123,0.1674,3.623
707,146,1,2.6639,0.0589,0.1357,4.950
707,151,0,2.1091,0.1231,0.1638,3.692
707,156,0,3.5265,0.2114,0.1288,5.611
707,161,0,2.9458,0.2676,0.2366,1.650
707,166,0,3.2029,-0.1000,0.1246,2.430
707,171,0,2.9944,-0.2763,0.1495,3.082
707,176,1,2.4793,-0.0879,0.1086,3.017
707,181,0,2.4938,-0.0700,0.1408,2.042
707,186,1,1.9421,-0.0495,0.1662,1.403
707,191,0,2.0605,0.0512,0.1357,1.612
707,196,0,2.3169,0.0158,0.1347,2.905
707,201,3,2.3366,0.0695,0.1301,1.939
707,206,1,2.3921,0.1426,0.1048,4.417
707,211,4,2.5177,0.1455,0.1755,6.138
707,216,1,2.6120,0.1230,0.1708,5.150
707,221,0,2.3369,0.1000,0.1685,4.911
707,226,0,1.8534,0.1079,0.1030,13.438
707,231,1,2.0369,0.0130,0.0612,3.299
707,236,3,1.7464,0.1616,0.0940,2.150
707,241,3,2.1172,0.0954,0.1484,1.951
707,246,2,2.0965,0.3291,0.1505,3.716
707,251,4,2.7575,0.1726,0.2243,6.007
707,256,4,2.3575,0.3243,0.1244,5.131
707,261,2,1.5780,0.1584,0.0946,4.446
707,266,1,2.0034,0.2406,0.1652,5.490
707,271,5,1.7434,0.3994,0.1652,4.757
707,276,3,2.5615,0.3335,0.1709,5.843
707,281,1,1.7086,0.0331,0.1002,12.634
707,286,1,1.8062,0.0197,0.2296,2.644
707,291,1,2.2649,-0.0195,0.0781,6.881
707,296,5,1.6288,-0.0113,0.1010,2.569
707,301,4,0.7360,-0.0103,0.0934,2.745
707,306,2,1.3236,0.4078,0.2289,1.220
707,311,3,1.0785,-0.0157,0.1262,6.017
707,316,6,1.1711,0.1752,0.0763,3.348
707,321,6,1.1835,0.4637,0.1630,2.160
707,326,6,0.9406,-0.0276,0.0999,2.981
707,331,6,1.2317,0.0357,0.1160,6.415
707,336,5,0.8128,0.6518,0.1614,2.959
707,341,7,0.9933,0.1927,0.0960,6.530
707,346,6,0.3798,-0.0200,0.0515,5.747
707,351,6,0.4908,0.0896,0.1163,5.442
707,356,6,0.2905,0.0297,0.1120,2.886
707,361,7,0.3464,-0.0002,0.1010,7.589
707,366,3,0.7503,0.0387,0.1048,4.537
707,371,2,0.9643,0.1265,0.1167,2.737
707,376,1,2.5491,-0.0530,0.1249,2.659
707,381,2,1.6277,-0.0169,0.0665,3.101
707,386,4,2.1958,-0.0010,0.1017,5.764
707,391,4,1.3220,0.0250,0.0978,7.003
707,396,1,1.0277,0.0412,0.0986,5.951
707,401,6,0.5531,0.0172,0.0965,2.307
707,406,2,1.1084,0.0028,0.0586,29.810
707,411,5,0.5620,0.0022,0.0912,3.166
707,416,4,0.4037,0.0001,0.0537,2.254
707,421,8,0.4082,0.0033,0.0878,5.337
707,426,8,0.1975,-0.0077,0.1439,6.764
707,431,8,0.2436,0.0002,0.0881,11.455
707,436,7,0.4460,0.0023,0.1265,4.087
707,441,7,0.4272,-0.0019,0.0974,8.190
707,446,7,0.2771,0.0012,0.0103,9.284
707,451,8,0.1483,0.0004,0.0508,6.195
707,456,7,0.2274,0.0004,0.1020,3.569
707,461,7,0.2739,0.0004,0.1806,9.124
707,466,8,0.2075,0.0011,0.1250,4.429
707,471,7,0.3428,-0.0048,0.1153,3.936
707,476,8,0.1321,-0.0047,0.1335,8.323
707,481,8,0.1584,0.0033,0.1879,9.845
707,486,8,0.1056,0.0002,0.0604,16.189
707,491,8,0.0916,0.0002,0.0398,26.865
707,496,8,0.1539,0.0002,0.1514,20.727
707,501,8,0.1130,0.0008,0.0664,9.720
707,506,8,0.0869,0.0025,0.1319,16.336
707,511,7,0.2254,-0.0012,0.1547,3.186
707,516,8,0.1381,-0.0002,0.1355,6.480
707,521,8,0.0789,0.0063,0.1154,11.815
707,526,8,0.1474,0.0188,0.1630,9.187
707,531,8,0.1676,0.0011,0.0815,9.590
707,536,8,0.1976,0.0026,0.1480,9.750
707,541,7,0.2498,0.0000,0.1408,5.920
707,546,8,0.1578,0.0007,0.1039,4.980
707,551,8,0.1753,-0.0000,0.1763,5.197
707,556,8,0.1649,0.0009,0.1534,8.211
707,561,8,0.0721,0.0007,0.0521,35.044
707,566,8,0.0876,0.0004,0.1033,49.542
707,571,8,0.1309,0.0062,0.1173,5.621
707,576,8,0.1647,0.0007,0.1449,17.535
707,581,8,0.1196,-0.0010,0.0700,12.626
707,586,8,0.0851,0.0014,0.0790,46.514
707,591,7,0.2352,0.0003,0.1664,20.739
707,596,8,0.1838,-0.0015,0.1315,18.265
707,601,8,0.1106,0.0008,0.1255,9.854
707,606,6,0.4824,0.0003,0.1721,4.991
707,611,2,0.8786,0.0469,0.1467,4.324
707,616,6,0.4516,0.0060,0.1051,5.718
707,621,8,0.1833,0.0005,0.0827,9.276
707,626,8,0.2291,-0.0000,0.1735,14.808
707,631,8,0.2043,-0.0016,0.0331,6.024
707,636,3,0.7736,-0.0031,0.0584,4.775
707,641,4,0.7140,0.0802,0.0992,7.203
707,646,6,0.5594,0.0018,0.0900,8.915
707,651,3,2.1696,0.0238,0.1463,2.794
707,656,7,1.8710,0.0489,0.1099,5.390
707,661,1,2.0740,-0.1277,0.1068,1.965
707,666,1,1.8159,0.0130,0.1267,3.791
707,671,1,1.3560,0.1073,0.1564,5.153
707,676,1,1.2510,0.0021,0.0441,6.087
707,681,5,1.4128,-0.0019,0.0762,5.736
707,686,7,0.7012,0.0005,0.0998,3.003
707,691,4,0.3947,0.0029,0.1305,7.652
707,696,7,0.2170,0.0129,0.0413,6.222
707,701,8,0.1697,-0.0001,0.0845,7.137
707,706,3,0.4493,-0.0018,0.0608,7.726
707,711,3,0.8212,0.0034,0.0630,7.515
707,716,5,0.2729,0.0056,0.1497,7.231
707,721,2,0.4259,-0.0072,0.1111,3.608
707,726,7,0.2222,-0.0023,0.0618,1.725
707,731,8,0.2797,-0.0010,0.0345,7.968
707,736,8,0.1101,0.0036,0.0495,3.416
707,741,6,0.2571,-0.0003,0.1229,3.383
707,746,6,0.4139,-0.0001,0.0576,1.754
707,751,8,0.3233,0.0086,0.1379,6.908
707,756,5,0.3254,0.0004,0.0831,7.044
707,761,8,0.2015,0.0002,0.1059,8.141
707,766,8,0.1894,0.0002,0.0583,10.407
707,771,8,0.0940,-0.0023,0.0716,5.386
707,776,8,0.0709,0.0024,0.1150,21.536
707,781,8,0.0999,-0.0001,0.1755,25.111
707,786,7,0.2599,0.0008,0.0525,5.794
707,791,8,0.1050,-0.0006,0.0900,6.107
707,796,8,0.1517,0.0017,0.1321,8.113
707,801,8,0.2285,0.0004,0.1166,8.682
707,806,8,0.1616,0.0004,0.0783,20.847
707,811,8,0.0996,0.0007,0.0843,15.797
707,816,8,0.1626,0.0016,0.1725,5.568
707,821,8,0.0897,0.0000,0.1004,7.314
707,826,8,0.1078,0.0017,0.1018,19.067
707,831,8,0.1914,0.0020,0.1241,31.444
707,836,8,0.1702,-0.0004,0.0982,15.133
707,841,8,0.0938,0.0046,0.1065,19.042
707,846,8,0.1823,0.0016,0.0749,36.101
707,851,8,0.0885,0.0004,0.1481,15.114
707,856,8,0.0902,0.0006,0.1072,47.660
707,861,8,0.1102,0.0020,0.1533,34.878
707,866,8,0.1138,0.0028,0.0946,14.110
707,871,8,0.1158,0.0009,0.1558,19.568
707,876,8,0.0899,0.0006,0.1597,26.284
707,881,8,0.1158,0.0009,0.0726,20.435
707,886,8,0.0948,0.0005,0.0405,10.718
707,891,8,0.1340,0.0032,0.1118,10.672
707,896,8,0.1263,0.0024,0.1738,30.224
707,901,8,0.1810,0.0005,0.0950,43.600
707,906,8,0.1295,0.0001,0.1488,27.841
707,911,8,0.1703,-0.0003,0.1608,7.708
707,916,8,0.0912,0.0006,0.1154,16.103
707,921,8,0.0875,0.0007,0.1366,37.743
707,926,8,0.1147,0.0023,0.1455,14.927
707,931,8,0.1604,0.0006,0.1362,27.075
707,936,8,0.1278,0.0008,0.1006,14.441
707,941,8,0.1139,0.0005,0.1334,16.667
707,946,8,0.1093,0.0001,0.1770,26.754
707,951,8,0.0974,-0.0001,0.0847,22.170
707,956,8,0.1332,0.0007,0.1043,50.395
707,961,8,0.1073,0.0006,0.1322,24.362
707,966,8,0.1721,0.0008,0.0777,39.436
707,971,8,0.1188,0.0033,0.0941,4.222
707,976,8,0.1265,0.0025,0.0707,17.850
707,981,8,0.1332,0.0029,0.1235,15.594
707,986,8,0.1488,0.0030,0.1526,18.450
707,991,8,0.1296,0.0037,0.0600,38.535
707,996,8,0.1142,0.0015,0.1217,61.521
707,1001,8,0.1401,0.0002,0.0489,47.118
707,1006,8,0.1196,0.0009,0.0897,48.278
707,1011,8,0.0858,0.0020,0.0923,6.059
707,1016,8,0.1266,0.0013,0.1341,9.818
707,1021,8,0.1385,0.0020,0.1372,46.608
707,1026,8,0.1100,0.0012,0.0768,9.800
707,1031,8,0.1495,0.0024,0.1085,7.244
707,1036,8,0.1624,0.0032,0.1848,47.233
707,1041,8,0.1067,0.0005,0.0732,18.610
707,1046,8,0.1171,0.0015,0.0701,57.776
707,1051,8,0.1797,0.0020,0.0931,23.094
707,1056,8,0.1825,0.0017,0.1117,17.908
707,1061,8,0.1587,0.0023,0.0625,21.441
707,1066,8,0.1455,0.0011,0.0490,84.912
707,1071,8,0.1297,0.0013,0.0678,17.152
707,1076,8,0.1146,0.0014,0.1020,56.500
707,1081,8,0.1163,0.0009,0.0916,40.773
707,1086,8,0.1235,0.0017,0.0961,12.911
707,1091,8,0.1117,0.0018,0.0992,31.421
707,1096,8,0.1176,0.0029,0.1275,48.155
707,1101,8,0.1178,-0.0001,-0.0130,81.068
707,1106,8,0.1104,-0.0005,0.0774,40.742
707,1111,8,0.1009,0.0013,0.0860,63.909
707,1116,8,0.1029,0.0018,0.1168,37.793
707,1121,8,0.1150,0.0026,0.1722,59.455
707,1126,8,0.1225,0.0022,0.0615,17.119
707,1131,8,0.1284,0.0013,0.0913,25.389
707,1136,8,0.1304,0.0020,0.0558,16.390
707,1141,8,0.1303,0.0006,0.0996,44.855
707,1146,8,0.1296,0.0007,0.1298,27.918
707,1151,8,0.1268,0.0001,0.0437,59.093
707,1156,8,0.1229,0.0008,0.1058,7.092
707,1161,8,0.1189,0.0002,0.0831,42.625
707,1166,8,0.1146,0.0006,0.0675,43.197
707,1171,8,0.1108,0.0004,0.0810,19.161
707,1176,8,0.1094,0.0007,0.1109,87.426
707,1181,8,0.1143,0.0008,0.1481,51.167
707,1186,8,0.1176,0.0016,0.1466,76.824
707,1191,8,0.1200,0.0016,0.1600,16.880
707,1196,8,0.1214,0.0131,0.1579,126.226
